case_id,country,scam_type,industry_targeted,attack_vector, loss_amount_usd ,victims_affected,reported_date,verification_status,risk_level
1,Canada,Phishing,IT Services,Social Media," $23,463.40 ",349,28-09-2023,Verified,Low
2,India,Ransomware,Government IT,Email," $65,837.28 ",189,21-01-2023,Unverified,Medium
3,Canada,Identity Theft,IT Services,Phone Call," $8,481.24 ",467,03-08-2023,Under Investigation,Low
4,USA,Phishing,IT Services,SMS," $2,991.94 ",88,08-01-2024,Verified,Low
5,Australia,Identity Theft,IT Services,Phone Call," $45,954.11 ",152,11-05-2023,Verified,Low
6,Canada,Investment Scam,Government IT,Phone Call," $1,039.97 ",258,10-12-2023,Under Investigation,Low
7,India,Tech Support Scam,EdTech,Social Media," $89,321.48 ",294,21-01-2024,Verified,Medium
8,UAE,Online Job Fraud,FinTech,Malicious Website," $10,033.95 ",277,10-06-2023,Under Investigation,Low
9,UK,Ransomware,FinTech,Social Media," $18,137.69 ",22,10-09-2023,Verified,Low
10,USA,Tech Support Scam,IT Services,Social Media," $28,276.85 ",49,19-04-2024,Under Investigation,Low
11,Australia,Business Email Compromise,IT Services,Malicious Website," $47,318.54 ",170,20-04-2024,Unverified,Low
12,USA,Tech Support Scam,IT Services,Phone Call," $1,82,014.98 ",271,09-07-2023,Under Investigation,High
13,UAE,Investment Scam,EdTech,Social Media," $4,748.87 ",446,16-07-2024,Unverified,Low
14,India,Investment Scam,IT Services,Email," $24,100.73 ",244,11-04-2025,Unverified,Low
15,India,Online Job Fraud,Healthcare IT,Email," $31,439.46 ",485,29-03-2025,Verified,Low
16,UAE,Phishing,E-commerce,Social Media," $57,019.79 ",329,16-06-2023,Under Investigation,Medium
17,Canada,Online Job Fraud,Healthcare IT,SMS, $667.69 ,89,12-11-2023,Under Investigation,Low
18,UK,Ransomware,Government IT,Social Media," $41,424.09 ",265,12-12-2023,Unverified,Low
19,Canada,Investment Scam,IT Services,Phone Call," $5,138.87 ",340,02-04-2023,Unverified,Low
20,India,Identity Theft,Government IT,SMS," $29,004.54 ",455,03-03-2024,Verified,Low
21,Germany,Tech Support Scam,Healthcare IT,Phone Call," $34,177.36 ",431,04-02-2023,Verified,Low
22,Canada,Business Email Compromise,IT Services,SMS," $1,20,021.14 ",420,15-07-2024,Verified,High
23,UAE,Business Email Compromise,E-commerce,Social Media," $54,312.79 ",2,25-01-2024,Verified,Medium
24,India,Identity Theft,Government IT,Social Media," $11,656.01 ",260,01-04-2025,Verified,Low
25,Canada,Tech Support Scam,E-commerce,Malicious Website," $1,590.70 ",402,30-12-2024,Verified,Low
26,UK,Ransomware,FinTech,Phone Call," $29,869.50 ",202,27-09-2023,Unverified,Low
27,UK,Investment Scam,EdTech,Malicious Website," $64,964.02 ",271,31-03-2024,Unverified,Medium
28,Germany,Business Email Compromise,FinTech,SMS," $42,250.16 ",252,02-12-2024,Unverified,Low
29,Germany,Phishing,IT Services,Email," $19,676.60 ",208,18-01-2025,Verified,Low
30,Canada,Ransomware,Government IT,Malicious Website," $15,828.02 ",53,02-03-2025,Unverified,Low
31,USA,Tech Support Scam,E-commerce,Phone Call," $22,061.35 ",252,07-07-2023,Under Investigation,Low
32,Australia,Business Email Compromise,EdTech,Email," $39,120.35 ",41,06-06-2023,Unverified,Low
33,Canada,Phishing,Government IT,Phone Call," $81,024.18 ",65,06-05-2025,Under Investigation,Medium
34,UAE,Investment Scam,Healthcare IT,Email," $2,16,707.32 ",344,09-05-2023,Under Investigation,High
35,Germany,Ransomware,E-commerce,Email," $11,076.97 ",472,04-03-2023,Unverified,Low
36,Canada,Business Email Compromise,EdTech,SMS," $84,494.84 ",81,27-01-2024,Unverified,Medium
37,USA,Online Job Fraud,Government IT,Social Media," $65,283.15 ",289,14-01-2024,Unverified,Medium
38,Australia,Identity Theft,FinTech,SMS," $3,846.46 ",231,10-02-2023,Under Investigation,Low
39,UAE,Ransomware,EdTech,Phone Call," $1,23,231.49 ",201,19-04-2025,Verified,High
40,Australia,Business Email Compromise,E-commerce,Email," $29,841.94 ",33,17-02-2023,Verified,Low
41,UK,Online Job Fraud,Healthcare IT,SMS," $23,166.76 ",62,28-12-2024,Verified,Low
42,India,Identity Theft,IT Services,Email," $54,819.09 ",172,21-05-2025,Unverified,Medium
43,Germany,Online Job Fraud,IT Services,Phone Call," $16,060.00 ",35,08-01-2025,Verified,Low
44,India,Investment Scam,E-commerce,Phone Call," $6,368.62 ",462,04-10-2024,Verified,Low
45,UK,Identity Theft,EdTech,Malicious Website," $71,519.64 ",218,17-05-2024,Verified,Medium
46,Australia,Online Job Fraud,Government IT,SMS," $73,694.50 ",359,05-03-2025,Unverified,Medium
47,UK,Tech Support Scam,Government IT,Social Media," $36,983.94 ",15,07-05-2025,Under Investigation,Low
48,Australia,Tech Support Scam,IT Services,SMS," $1,287.39 ",461,21-11-2024,Verified,Low
49,USA,Business Email Compromise,IT Services,Phone Call," $1,596.68 ",231,29-08-2023,Unverified,Low
50,India,Identity Theft,FinTech,Email," $18,869.84 ",96,18-06-2025,Verified,Low
51,Canada,Investment Scam,IT Services,SMS," $1,19,063.28 ",407,19-08-2023,Verified,High
52,USA,Online Job Fraud,Healthcare IT,Email," $26,414.10 ",171,24-06-2024,Unverified,Low
53,India,Business Email Compromise,Government IT,Malicious Website," $12,990.26 ",160,18-04-2025,Verified,Low
54,Australia,Ransomware,Government IT,Phone Call," $17,107.02 ",86,06-03-2025,Unverified,Low
55,Germany,Ransomware,E-commerce,Malicious Website," $1,32,747.50 ",45,27-07-2024,Verified,High
56,USA,Phishing,Government IT,Malicious Website," $50,174.71 ",134,06-03-2025,Under Investigation,Medium
57,Germany,Tech Support Scam,E-commerce,Email," $81,398.45 ",44,06-12-2023,Unverified,Medium
58,Canada,Investment Scam,IT Services,Email," $1,11,540.67 ",331,01-10-2024,Under Investigation,High
59,Canada,Business Email Compromise,IT Services,SMS," $82,367.41 ",348,17-04-2024,Verified,Medium
60,India,Identity Theft,E-commerce,SMS," $19,136.54 ",225,20-01-2024,Under Investigation,Low
61,India,Business Email Compromise,E-commerce,SMS," $12,934.34 ",446,24-09-2024,Verified,Low
62,Germany,Online Job Fraud,EdTech,Email," $85,191.49 ",233,16-09-2023,Verified,Medium
63,Canada,Identity Theft,IT Services,Email, $348.82 ,456,15-02-2024,Verified,Low
64,India,Tech Support Scam,E-commerce,Malicious Website," $27,013.67 ",165,13-08-2023,Verified,Low
65,UAE,Tech Support Scam,IT Services,SMS," $6,384.02 ",172,25-10-2024,Under Investigation,Low
66,USA,Tech Support Scam,Healthcare IT,Malicious Website," $1,43,156.06 ",374,02-11-2024,Under Investigation,High
67,Germany,Investment Scam,Government IT,Phone Call," $36,572.64 ",233,22-11-2024,Unverified,Low
68,Canada,Tech Support Scam,FinTech,SMS," $22,598.72 ",497,17-03-2024,Under Investigation,Low
69,India,Phishing,EdTech,Phone Call," $1,64,100.49 ",295,21-01-2024,Verified,High
70,Canada,Business Email Compromise,IT Services,Email," $62,286.74 ",101,16-09-2024,Unverified,Medium
71,Germany,Identity Theft,EdTech,SMS," $3,04,630.26 ",187,23-04-2023,Verified,High
72,Australia,Phishing,FinTech,Email," $1,87,782.93 ",220,19-07-2024,Unverified,High
73,USA,Investment Scam,FinTech,Malicious Website," $1,680.46 ",224,13-08-2023,Verified,Low
74,Australia,Ransomware,EdTech,Phone Call," $50,304.12 ",126,10-05-2023,Verified,Medium
75,Australia,Phishing,E-commerce,Phone Call," $37,850.65 ",218,02-11-2024,Unverified,Low
76,Australia,Business Email Compromise,Healthcare IT,SMS," $40,247.88 ",247,15-04-2025,Unverified,Low
77,Canada,Business Email Compromise,FinTech,Social Media," $4,215.48 ",184,03-05-2023,Under Investigation,Low
78,India,Investment Scam,Government IT,Social Media," $13,864.15 ",294,07-10-2023,Under Investigation,Low
79,UK,Online Job Fraud,IT Services,Email," $31,772.28 ",98,17-07-2023,Under Investigation,Low
80,Australia,Identity Theft,IT Services,Email," $25,443.41 ",240,24-05-2023,Unverified,Low
81,India,Identity Theft,Healthcare IT,SMS," $90,182.24 ",124,06-07-2023,Under Investigation,Medium
82,USA,Ransomware,Healthcare IT,Social Media," $10,321.61 ",349,09-02-2025,Verified,Low
83,Germany,Online Job Fraud,EdTech,Social Media," $44,688.92 ",443,07-02-2024,Unverified,Low
84,UAE,Investment Scam,EdTech,Email," $62,092.31 ",147,28-05-2023,Unverified,Medium
85,UAE,Identity Theft,Healthcare IT,Email," $51,806.22 ",308,03-05-2024,Verified,Medium
86,UK,Phishing,IT Services,Phone Call," $58,710.63 ",128,04-07-2024,Verified,Medium
87,UK,Business Email Compromise,EdTech,SMS," $1,38,017.19 ",129,17-02-2025,Unverified,High
88,UK,Ransomware,Government IT,Social Media," $20,856.62 ",473,31-05-2023,Unverified,Low
89,Germany,Business Email Compromise,IT Services,Email," $38,984.08 ",298,02-09-2024,Unverified,Low
90,Germany,Online Job Fraud,Healthcare IT,Email," $12,974.17 ",144,12-12-2023,Verified,Low
91,UK,Online Job Fraud,FinTech,Social Media," $2,01,339.00 ",60,30-05-2025,Verified,High
92,Canada,Tech Support Scam,EdTech,Malicious Website," $13,843.85 ",304,11-09-2023,Unverified,Low
93,USA,Phishing,IT Services,SMS," $1,13,756.16 ",37,09-06-2023,Unverified,High
94,USA,Online Job Fraud,Healthcare IT,Phone Call," $50,133.50 ",9,21-08-2023,Unverified,Medium
95,India,Tech Support Scam,FinTech,Email," $21,478.38 ",304,27-07-2023,Under Investigation,Low
96,UK,Online Job Fraud,IT Services,Social Media," $1,13,704.87 ",152,23-02-2023,Verified,High
97,Canada,Ransomware,Government IT,Email," $75,678.11 ",408,19-09-2024,Under Investigation,Medium
98,UAE,Identity Theft,E-commerce,Phone Call," $4,394.59 ",456,24-02-2024,Unverified,Low
99,India,Ransomware,FinTech,SMS," $1,14,411.53 ",340,11-09-2023,Under Investigation,High
100,USA,Ransomware,Government IT,Social Media, $461.98 ,473,09-04-2023,Under Investigation,Low
101,UAE,Investment Scam,Government IT,SMS," $1,81,840.61 ",402,14-06-2025,Under Investigation,High
102,India,Online Job Fraud,Government IT,Email," $18,218.36 ",194,01-04-2025,Under Investigation,Low
103,UAE,Phishing,E-commerce,SMS," $29,748.80 ",445,11-11-2024,Verified,Low
104,UAE,Tech Support Scam,Healthcare IT,Social Media," $9,674.70 ",68,11-03-2025,Verified,Low
105,India,Phishing,Government IT,SMS," $34,050.43 ",304,18-05-2024,Under Investigation,Low
106,UK,Business Email Compromise,IT Services,Social Media," $52,438.69 ",135,14-07-2023,Under Investigation,Medium
107,Canada,Identity Theft,E-commerce,Phone Call," $53,590.66 ",33,18-11-2024,Under Investigation,Medium
108,USA,Phishing,Healthcare IT,SMS," $4,917.85 ",371,14-04-2024,Unverified,Low
109,UK,Phishing,IT Services,Phone Call," $15,408.01 ",238,31-10-2024,Under Investigation,Low
110,UK,Investment Scam,Healthcare IT,Malicious Website," $1,80,615.47 ",365,16-07-2024,Unverified,High
111,Australia,Phishing,E-commerce,Phone Call," $1,11,302.76 ",283,27-01-2023,Verified,High
112,UK,Phishing,Government IT,Malicious Website," $79,191.26 ",286,31-08-2024,Verified,Medium
113,Australia,Online Job Fraud,EdTech,SMS," $43,007.80 ",448,25-04-2024,Under Investigation,Low
114,Germany,Phishing,Government IT,Social Media," $10,860.74 ",317,26-03-2025,Unverified,Low
115,UK,Investment Scam,IT Services,Social Media," $16,478.87 ",35,11-07-2023,Unverified,Low
116,UK,Investment Scam,E-commerce,Social Media," $51,848.44 ",17,21-06-2023,Under Investigation,Medium
117,Canada,Business Email Compromise,EdTech,SMS," $1,41,054.16 ",477,15-02-2023,Verified,High
118,Germany,Investment Scam,E-commerce,SMS," $1,23,175.49 ",99,10-06-2025,Unverified,High
119,Australia,Business Email Compromise,E-commerce,Phone Call, $778.87 ,280,15-12-2023,Verified,Low
120,UK,Business Email Compromise,FinTech,Malicious Website," $27,946.91 ",181,29-08-2024,Unverified,Low
121,Australia,Investment Scam,Healthcare IT,Malicious Website," $1,65,686.77 ",481,26-04-2023,Under Investigation,High
122,Germany,Investment Scam,FinTech,Phone Call," $17,438.80 ",469,10-06-2023,Under Investigation,Low
123,UAE,Online Job Fraud,Government IT,SMS," $19,057.31 ",128,18-01-2023,Unverified,Low
124,USA,Business Email Compromise,EdTech,Phone Call," $40,686.85 ",223,19-07-2024,Under Investigation,Low
125,USA,Online Job Fraud,FinTech,Social Media," $59,541.28 ",360,16-11-2024,Verified,Medium
126,UAE,Ransomware,FinTech,Email," $5,111.41 ",288,03-05-2025,Verified,Low
127,India,Tech Support Scam,EdTech,Email," $22,208.75 ",127,04-06-2023,Under Investigation,Low
128,Germany,Investment Scam,EdTech,SMS," $17,498.49 ",474,23-02-2025,Unverified,Low
129,Canada,Tech Support Scam,E-commerce,Malicious Website," $94,414.55 ",393,21-03-2025,Verified,Medium
130,India,Investment Scam,Government IT,Email," $61,706.31 ",39,21-04-2024,Verified,Medium
131,UAE,Tech Support Scam,FinTech,SMS," $17,585.09 ",26,16-05-2025,Unverified,Low
132,Australia,Tech Support Scam,IT Services,Phone Call," $14,799.62 ",408,08-06-2024,Verified,Low
133,UAE,Phishing,E-commerce,SMS," $4,255.80 ",391,04-04-2025,Under Investigation,Low
134,Canada,Identity Theft,EdTech,Phone Call," $49,428.88 ",20,17-11-2023,Under Investigation,Low
135,UAE,Tech Support Scam,EdTech,Phone Call," $3,679.15 ",494,04-02-2024,Under Investigation,Low
136,UAE,Identity Theft,E-commerce,SMS," $2,605.13 ",371,15-04-2024,Unverified,Low
137,UAE,Tech Support Scam,E-commerce,Social Media," $1,400.26 ",354,13-04-2025,Verified,Low
138,UAE,Investment Scam,Healthcare IT,Phone Call," $28,854.87 ",447,03-05-2025,Under Investigation,Low
139,Canada,Ransomware,Healthcare IT,Malicious Website," $19,886.21 ",186,28-07-2024,Verified,Low
140,Canada,Business Email Compromise,FinTech,Social Media," $2,00,429.14 ",150,10-11-2023,Under Investigation,High
141,UK,Identity Theft,IT Services,SMS," $98,450.36 ",305,22-11-2024,Verified,Medium
142,India,Tech Support Scam,Government IT,SMS," $1,980.45 ",271,23-02-2023,Unverified,Low
143,India,Phishing,E-commerce,Malicious Website," $38,510.31 ",101,21-09-2023,Under Investigation,Low
144,Australia,Tech Support Scam,E-commerce,Email," $73,482.40 ",492,11-09-2024,Verified,Medium
145,UAE,Tech Support Scam,E-commerce,Phone Call," $48,760.98 ",196,12-02-2025,Unverified,Low
146,USA,Online Job Fraud,EdTech,Malicious Website," $2,653.25 ",372,16-12-2023,Under Investigation,Low
147,USA,Business Email Compromise,Healthcare IT,Malicious Website," $38,895.52 ",311,30-03-2025,Under Investigation,Low
148,Australia,Investment Scam,Government IT,Phone Call," $7,121.14 ",370,27-09-2024,Unverified,Low
149,India,Tech Support Scam,FinTech,Social Media," $62,692.32 ",147,18-10-2024,Under Investigation,Medium
150,Germany,Phishing,E-commerce,Social Media," $25,443.12 ",275,26-08-2024,Unverified,Low
151,Canada,Online Job Fraud,E-commerce,SMS," $68,137.22 ",346,10-01-2025,Under Investigation,Medium
152,India,Identity Theft,EdTech,Email," $10,187.50 ",318,01-03-2025,Under Investigation,Low
153,Australia,Identity Theft,Government IT,Email," $27,958.31 ",396,02-10-2024,Verified,Low
154,Canada,Tech Support Scam,FinTech,Malicious Website," $9,515.33 ",1,20-01-2025,Verified,Low
155,USA,Business Email Compromise,E-commerce,Social Media," $14,400.30 ",126,28-04-2023,Verified,Low
156,Germany,Business Email Compromise,Healthcare IT,Malicious Website," $62,692.46 ",488,25-08-2023,Under Investigation,Medium
157,UAE,Online Job Fraud,E-commerce,Social Media," $16,420.61 ",272,08-07-2023,Verified,Low
158,Germany,Phishing,Government IT,Phone Call," $66,950.87 ",447,03-08-2024,Verified,Medium
159,UK,Ransomware,Government IT,Email," $47,301.52 ",247,17-03-2023,Unverified,Low
160,USA,Online Job Fraud,IT Services,SMS," $41,739.82 ",435,27-03-2023,Verified,Low
161,UAE,Phishing,EdTech,SMS, $724.90 ,462,08-08-2023,Verified,Low
162,India,Tech Support Scam,Government IT,Email," $2,354.72 ",497,04-04-2023,Unverified,Low
163,India,Tech Support Scam,Government IT,Social Media," $96,710.15 ",453,23-07-2023,Under Investigation,Medium
164,India,Identity Theft,EdTech,Email, $865.50 ,474,07-03-2024,Verified,Low
165,UK,Phishing,EdTech,Email," $82,230.71 ",100,16-10-2023,Under Investigation,Medium
166,Australia,Investment Scam,E-commerce,Malicious Website," $31,243.95 ",357,23-01-2023,Unverified,Low
167,India,Phishing,EdTech,SMS," $2,462.61 ",246,16-04-2025,Verified,Low
168,Canada,Online Job Fraud,Healthcare IT,Phone Call," $1,08,877.15 ",180,11-08-2023,Verified,High
169,UAE,Identity Theft,IT Services,Social Media, $771.14 ,147,17-03-2024,Unverified,Low
170,Germany,Investment Scam,Healthcare IT,Email," $34,761.46 ",325,30-05-2024,Unverified,Low
171,Canada,Business Email Compromise,IT Services,Malicious Website," $47,836.26 ",336,28-01-2025,Under Investigation,Low
172,USA,Tech Support Scam,Healthcare IT,Malicious Website," $1,44,345.33 ",476,14-06-2025,Unverified,High
173,India,Tech Support Scam,FinTech,Phone Call," $50,585.54 ",340,25-10-2024,Unverified,Medium
174,UK,Identity Theft,EdTech,Malicious Website," $56,531.21 ",163,15-01-2024,Under Investigation,Medium
175,Germany,Online Job Fraud,Government IT,Phone Call," $6,876.99 ",445,21-11-2024,Under Investigation,Low
176,UK,Online Job Fraud,FinTech,Email," $85,917.87 ",268,14-04-2025,Under Investigation,Medium
177,Germany,Ransomware,E-commerce,Phone Call," $85,858.63 ",168,21-04-2025,Unverified,Medium
178,Canada,Tech Support Scam,Healthcare IT,Email," $11,576.71 ",285,01-02-2024,Under Investigation,Low
179,UAE,Business Email Compromise,FinTech,Malicious Website," $12,077.41 ",302,16-06-2025,Verified,Low
180,UK,Online Job Fraud,Healthcare IT,Social Media," $1,987.13 ",242,04-02-2023,Under Investigation,Low
181,Australia,Investment Scam,Healthcare IT,Phone Call," $20,515.41 ",90,14-02-2025,Verified,Low
182,Australia,Ransomware,IT Services,SMS," $24,338.91 ",458,24-08-2024,Unverified,Low
183,Germany,Tech Support Scam,EdTech,SMS," $20,823.11 ",115,08-09-2024,Unverified,Low
184,Germany,Investment Scam,Government IT,Malicious Website," $34,262.67 ",314,15-05-2024,Under Investigation,Low
185,UAE,Phishing,IT Services,Social Media," $21,411.36 ",75,17-02-2024,Verified,Low
186,Germany,Investment Scam,FinTech,Social Media," $1,998.74 ",217,04-10-2023,Unverified,Low
187,Australia,Business Email Compromise,E-commerce,Phone Call," $1,71,449.84 ",164,29-01-2024,Unverified,High
188,UK,Tech Support Scam,Government IT,Phone Call," $27,536.48 ",408,11-07-2023,Under Investigation,Low
189,UK,Investment Scam,E-commerce,Social Media," $42,892.20 ",99,01-07-2024,Under Investigation,Low
190,UK,Ransomware,IT Services,SMS," $23,262.20 ",487,06-04-2023,Under Investigation,Low
191,USA,Investment Scam,EdTech,SMS," $20,836.68 ",190,05-01-2025,Verified,Low
192,India,Investment Scam,E-commerce,Social Media," $97,741.96 ",369,25-11-2024,Unverified,Medium
193,Australia,Online Job Fraud,EdTech,Phone Call," $69,489.24 ",217,16-05-2025,Under Investigation,Medium
194,USA,Online Job Fraud,FinTech,Social Media," $5,441.88 ",273,30-05-2025,Verified,Low
195,UK,Ransomware,Healthcare IT,Email," $35,185.37 ",368,29-12-2024,Unverified,Low
196,Australia,Ransomware,Healthcare IT,Email," $19,286.77 ",187,19-01-2023,Verified,Low
197,Australia,Business Email Compromise,Government IT,SMS," $24,649.42 ",396,20-03-2024,Unverified,Low
198,UAE,Online Job Fraud,E-commerce,Email," $1,17,895.36 ",76,22-09-2023,Verified,High
199,Australia,Business Email Compromise,E-commerce,Malicious Website," $19,232.68 ",206,04-01-2025,Under Investigation,Low
200,UK,Ransomware,IT Services,Social Media," $1,50,397.48 ",339,20-05-2024,Under Investigation,High
201,USA,Online Job Fraud,IT Services,Malicious Website," $49,961.50 ",373,10-03-2023,Under Investigation,Low
202,USA,Identity Theft,Government IT,Email," $17,351.14 ",25,09-06-2025,Verified,Low
203,India,Online Job Fraud,EdTech,Social Media," $11,959.07 ",53,31-05-2023,Verified,Low
204,India,Phishing,EdTech,Malicious Website," $76,001.81 ",39,19-04-2023,Unverified,Medium
205,Australia,Online Job Fraud,EdTech,SMS," $1,33,631.09 ",186,02-02-2024,Unverified,High
206,Germany,Tech Support Scam,E-commerce,Social Media," $39,873.07 ",133,12-06-2023,Unverified,Low
207,Germany,Business Email Compromise,EdTech,Phone Call," $1,09,330.93 ",235,22-04-2025,Verified,High
208,Australia,Investment Scam,IT Services,SMS," $6,225.30 ",76,09-01-2023,Unverified,Low
209,India,Business Email Compromise,Government IT,Email," $71,671.53 ",492,10-09-2023,Verified,Medium
210,India,Ransomware,EdTech,Email," $91,156.55 ",174,14-10-2024,Verified,Medium
211,USA,Tech Support Scam,E-commerce,Phone Call," $12,588.50 ",393,05-03-2025,Under Investigation,Low
212,UK,Phishing,FinTech,Social Media," $61,249.99 ",5,29-01-2023,Unverified,Medium
213,UK,Investment Scam,E-commerce,Email," $4,432.69 ",339,09-10-2024,Unverified,Low
214,India,Business Email Compromise,Government IT,Phone Call," $23,441.88 ",321,08-12-2023,Unverified,Low
215,UAE,Ransomware,E-commerce,Email," $83,778.77 ",327,05-08-2023,Unverified,Medium
216,India,Investment Scam,FinTech,Social Media," $44,810.77 ",292,11-03-2023,Verified,Low
217,USA,Phishing,FinTech,Social Media," $61,581.11 ",275,20-03-2024,Unverified,Medium
218,Canada,Online Job Fraud,EdTech,Social Media," $23,739.76 ",167,01-04-2023,Under Investigation,Low
219,USA,Tech Support Scam,Government IT,Social Media," $14,299.12 ",19,08-02-2023,Unverified,Low
220,Germany,Business Email Compromise,EdTech,Phone Call," $28,497.99 ",173,14-10-2024,Under Investigation,Low
221,Germany,Phishing,EdTech,Email," $25,976.68 ",126,27-02-2023,Under Investigation,Low
222,Canada,Business Email Compromise,EdTech,Social Media," $67,541.31 ",456,08-04-2025,Verified,Medium
223,USA,Ransomware,Government IT,Phone Call," $86,521.09 ",423,01-01-2023,Unverified,Medium
224,USA,Online Job Fraud,Government IT,Social Media," $57,134.39 ",348,09-07-2023,Unverified,Medium
225,USA,Online Job Fraud,FinTech,Malicious Website," $25,559.86 ",369,13-02-2024,Unverified,Low
226,Canada,Tech Support Scam,Healthcare IT,SMS," $1,01,475.13 ",422,27-04-2023,Unverified,High
227,Germany,Investment Scam,E-commerce,Email," $1,65,143.51 ",44,15-11-2024,Under Investigation,High
228,UK,Tech Support Scam,Healthcare IT,Social Media," $1,75,126.35 ",317,25-03-2025,Unverified,High
229,USA,Online Job Fraud,FinTech,Social Media," $1,10,886.06 ",374,01-08-2023,Under Investigation,High
230,Canada,Tech Support Scam,Healthcare IT,Malicious Website," $2,47,841.43 ",229,06-11-2024,Unverified,High
231,USA,Tech Support Scam,IT Services,Social Media," $40,355.48 ",20,16-03-2024,Under Investigation,Low
232,UK,Phishing,E-commerce,Phone Call," $37,022.20 ",233,01-11-2023,Verified,Low
233,Canada,Online Job Fraud,EdTech,Malicious Website," $59,495.06 ",415,27-05-2024,Under Investigation,Medium
234,USA,Ransomware,EdTech,Social Media," $49,383.71 ",374,16-09-2023,Unverified,Low
235,UAE,Tech Support Scam,Government IT,Malicious Website," $1,15,711.64 ",441,12-01-2023,Verified,High
236,India,Business Email Compromise,EdTech,SMS," $1,59,347.55 ",272,24-12-2023,Under Investigation,High
237,Germany,Investment Scam,E-commerce,Email," $30,408.76 ",156,08-01-2024,Verified,Low
238,Canada,Identity Theft,FinTech,SMS," $16,243.67 ",348,06-11-2024,Under Investigation,Low
239,Australia,Phishing,EdTech,Malicious Website," $31,152.93 ",186,12-11-2023,Verified,Low
240,India,Online Job Fraud,IT Services,Malicious Website," $43,812.19 ",220,18-05-2025,Verified,Low
241,Canada,Online Job Fraud,FinTech,Malicious Website," $1,83,248.01 ",192,16-05-2024,Unverified,High
242,UK,Identity Theft,Government IT,Social Media," $1,642.48 ",201,24-12-2024,Under Investigation,Low
243,UAE,Tech Support Scam,E-commerce,SMS," $46,163.49 ",240,11-07-2024,Under Investigation,Low
244,Australia,Ransomware,E-commerce,SMS," $3,963.00 ",390,16-08-2024,Unverified,Low
245,Australia,Investment Scam,FinTech,Email," $26,947.46 ",197,25-03-2025,Under Investigation,Low
246,UAE,Online Job Fraud,E-commerce,Social Media," $1,25,774.41 ",10,03-04-2025,Unverified,High
247,UK,Online Job Fraud,IT Services,Social Media," $1,04,641.13 ",251,26-05-2025,Unverified,High
248,UK,Online Job Fraud,EdTech,Phone Call," $9,006.25 ",289,09-01-2024,Unverified,Low
249,Germany,Online Job Fraud,FinTech,Malicious Website," $83,182.39 ",224,27-08-2023,Unverified,Medium
250,Germany,Business Email Compromise,Healthcare IT,Phone Call," $8,150.48 ",341,09-10-2023,Unverified,Low
251,Germany,Tech Support Scam,Healthcare IT,SMS," $23,973.68 ",342,06-04-2025,Unverified,Low
252,India,Identity Theft,E-commerce,SMS," $92,295.66 ",461,01-09-2024,Under Investigation,Medium
253,USA,Business Email Compromise,Government IT,Malicious Website," $1,875.85 ",385,09-02-2024,Unverified,Low
254,UAE,Tech Support Scam,E-commerce,SMS," $2,901.35 ",6,20-04-2024,Under Investigation,Low
255,USA,Ransomware,EdTech,Phone Call," $83,805.87 ",351,06-10-2024,Under Investigation,Medium
256,UAE,Phishing,E-commerce,Email," $2,84,743.67 ",437,23-01-2023,Unverified,High
257,Germany,Phishing,Government IT,SMS," $73,264.15 ",165,14-12-2024,Under Investigation,Medium
258,UAE,Investment Scam,FinTech,Email," $94,738.60 ",145,26-03-2023,Under Investigation,Medium
259,UAE,Business Email Compromise,Healthcare IT,Phone Call," $29,941.34 ",366,01-01-2023,Unverified,Low
260,Germany,Investment Scam,IT Services,Social Media," $1,54,011.19 ",205,10-02-2025,Unverified,High
261,UAE,Identity Theft,E-commerce,Social Media," $12,980.19 ",369,02-05-2024,Unverified,Low
262,Canada,Online Job Fraud,E-commerce,Phone Call," $48,133.52 ",348,05-04-2023,Verified,Low
263,Australia,Phishing,FinTech,Social Media," $6,026.96 ",154,07-09-2023,Verified,Low
264,Canada,Phishing,E-commerce,Email," $36,730.52 ",118,09-02-2025,Unverified,Low
265,Canada,Online Job Fraud,IT Services,Malicious Website," $36,715.49 ",268,23-02-2023,Verified,Low
266,Canada,Business Email Compromise,IT Services,Email," $1,72,059.99 ",478,03-01-2025,Under Investigation,High
267,UAE,Phishing,Healthcare IT,Social Media," $78,467.09 ",401,15-09-2024,Under Investigation,Medium
268,Germany,Ransomware,FinTech,Phone Call," $32,700.74 ",407,26-07-2023,Under Investigation,Low
269,Australia,Investment Scam,FinTech,SMS," $76,778.77 ",398,31-07-2024,Verified,Medium
270,USA,Identity Theft,E-commerce,Phone Call," $81,749.24 ",103,26-02-2024,Unverified,Medium
271,India,Tech Support Scam,EdTech,SMS," $48,020.45 ",226,16-03-2025,Verified,Low
272,Germany,Investment Scam,Healthcare IT,Malicious Website," $46,835.88 ",338,08-03-2025,Under Investigation,Low
273,Canada,Phishing,E-commerce,Social Media," $40,463.34 ",435,22-03-2024,Unverified,Low
274,Australia,Ransomware,IT Services,Malicious Website," $64,803.86 ",249,15-06-2023,Under Investigation,Medium
275,Australia,Business Email Compromise,Government IT,Malicious Website," $29,974.69 ",335,25-06-2024,Unverified,Low
276,UK,Tech Support Scam,Healthcare IT,SMS," $48,654.52 ",51,22-03-2023,Under Investigation,Low
277,UAE,Tech Support Scam,IT Services,SMS," $1,49,309.52 ",388,18-05-2023,Under Investigation,High
278,Australia,Business Email Compromise,EdTech,Social Media," $1,30,583.14 ",330,23-02-2025,Unverified,High
279,UK,Phishing,Government IT,Malicious Website," $14,936.77 ",472,10-03-2023,Under Investigation,Low
280,USA,Identity Theft,Government IT,Email," $1,95,682.65 ",53,25-03-2024,Unverified,High
281,Canada,Tech Support Scam,Healthcare IT,SMS," $19,930.80 ",235,12-02-2023,Unverified,Low
282,UAE,Business Email Compromise,FinTech,SMS," $13,731.42 ",371,21-04-2023,Unverified,Low
283,UK,Investment Scam,Government IT,SMS," $6,898.76 ",183,27-04-2025,Unverified,Low
284,USA,Investment Scam,Government IT,Email," $8,238.00 ",374,03-06-2024,Under Investigation,Low
285,UAE,Tech Support Scam,IT Services,Phone Call," $9,926.65 ",388,26-11-2024,Under Investigation,Low
286,Canada,Ransomware,IT Services,Social Media," $26,522.62 ",352,14-07-2023,Under Investigation,Low
287,Canada,Tech Support Scam,FinTech,SMS," $36,204.66 ",160,02-03-2023,Verified,Low
288,UAE,Identity Theft,Healthcare IT,Phone Call," $10,677.55 ",403,27-02-2025,Unverified,Low
289,UK,Online Job Fraud,FinTech,Social Media," $9,252.37 ",92,12-11-2024,Under Investigation,Low
290,UAE,Business Email Compromise,Government IT,Social Media," $9,740.59 ",405,17-04-2025,Verified,Low
291,Germany,Phishing,FinTech,SMS," $6,427.81 ",233,07-06-2024,Unverified,Low
292,Canada,Investment Scam,E-commerce,Phone Call," $11,554.61 ",34,19-03-2023,Under Investigation,Low
293,USA,Online Job Fraud,E-commerce,Email," $20,031.31 ",411,14-03-2023,Under Investigation,Low
294,Australia,Phishing,E-commerce,Social Media," $4,841.55 ",47,01-05-2023,Unverified,Low
295,Canada,Investment Scam,Healthcare IT,Phone Call," $58,203.12 ",56,16-12-2023,Under Investigation,Medium
296,UAE,Investment Scam,Healthcare IT,Email," $8,538.09 ",48,26-07-2024,Unverified,Low
297,India,Tech Support Scam,IT Services,Phone Call, $129.92 ,292,14-09-2023,Unverified,Low
298,UK,Identity Theft,FinTech,Email," $4,415.17 ",355,10-09-2023,Unverified,Low
299,UAE,Tech Support Scam,Government IT,Social Media," $2,14,361.27 ",303,30-09-2024,Unverified,High
300,Germany,Phishing,FinTech,Email," $1,28,878.58 ",14,18-04-2024,Verified,High
301,UK,Tech Support Scam,IT Services,Email," $71,346.53 ",78,04-08-2023,Verified,Medium
302,Australia,Ransomware,E-commerce,Malicious Website," $63,740.52 ",154,09-06-2024,Under Investigation,Medium
303,Canada,Investment Scam,Government IT,Phone Call," $7,993.13 ",371,07-01-2023,Under Investigation,Low
304,Australia,Investment Scam,Government IT,SMS," $58,104.05 ",407,19-01-2025,Under Investigation,Medium
305,Canada,Phishing,E-commerce,Phone Call," $69,238.02 ",493,01-10-2023,Under Investigation,Medium
306,UK,Phishing,Government IT,Social Media," $29,657.16 ",227,01-06-2025,Verified,Low
307,Germany,Tech Support Scam,FinTech,Social Media," $13,884.64 ",473,22-09-2024,Verified,Low
308,Canada,Business Email Compromise,EdTech,Social Media," $23,683.25 ",202,08-02-2023,Verified,Low
309,Germany,Business Email Compromise,FinTech,Email," $19,436.24 ",231,27-03-2023,Under Investigation,Low
310,USA,Investment Scam,FinTech,Phone Call," $19,837.46 ",300,20-06-2024,Verified,Low
311,USA,Online Job Fraud,Healthcare IT,SMS," $1,10,603.99 ",212,25-01-2023,Verified,High
312,UAE,Identity Theft,FinTech,Email," $56,831.65 ",67,21-08-2023,Unverified,Medium
313,India,Identity Theft,FinTech,SMS," $34,501.82 ",111,16-08-2023,Under Investigation,Low
314,UAE,Ransomware,EdTech,Email," $38,512.92 ",34,14-09-2024,Under Investigation,Low
315,UAE,Ransomware,FinTech,Phone Call," $68,410.83 ",369,17-01-2025,Under Investigation,Medium
316,UAE,Ransomware,IT Services,Email," $6,824.23 ",425,04-09-2024,Verified,Low
317,USA,Business Email Compromise,FinTech,Phone Call," $22,555.74 ",282,16-11-2023,Under Investigation,Low
318,USA,Ransomware,Healthcare IT,Email," $42,289.09 ",440,11-11-2023,Verified,Low
319,Canada,Tech Support Scam,EdTech,Email," $2,15,309.79 ",229,12-01-2024,Unverified,High
320,USA,Tech Support Scam,E-commerce,Social Media," $13,539.73 ",150,04-10-2023,Unverified,Low
321,Australia,Phishing,E-commerce,Phone Call," $8,294.41 ",112,30-05-2024,Verified,Low
322,Australia,Phishing,Government IT,Phone Call," $95,129.25 ",446,09-04-2025,Under Investigation,Medium
323,Germany,Investment Scam,IT Services,Email," $81,960.05 ",152,02-04-2025,Under Investigation,Medium
324,UAE,Tech Support Scam,E-commerce,Email," $92,357.49 ",387,31-08-2023,Under Investigation,Medium
325,Canada,Tech Support Scam,IT Services,Email, $920.55 ,229,01-07-2024,Under Investigation,Low
326,Australia,Ransomware,IT Services,SMS," $2,94,908.45 ",6,18-11-2023,Under Investigation,High
327,Australia,Investment Scam,EdTech,Phone Call," $42,900.90 ",75,04-01-2023,Unverified,Low
328,UK,Tech Support Scam,EdTech,Phone Call, $265.71 ,118,30-05-2025,Under Investigation,Low
329,Germany,Identity Theft,EdTech,Malicious Website," $33,740.69 ",486,27-07-2024,Verified,Low
330,UAE,Investment Scam,IT Services,Phone Call," $1,32,519.25 ",335,15-12-2024,Unverified,High
331,UAE,Ransomware,E-commerce,Malicious Website," $42,386.38 ",435,22-06-2023,Verified,Low
332,Germany,Business Email Compromise,E-commerce,Malicious Website," $73,373.69 ",326,14-02-2024,Under Investigation,Medium
333,Canada,Phishing,Healthcare IT,Malicious Website," $19,554.39 ",275,24-12-2024,Under Investigation,Low
334,Canada,Business Email Compromise,Healthcare IT,SMS," $35,424.25 ",113,20-05-2023,Unverified,Low
335,Germany,Phishing,IT Services,Email," $6,099.16 ",90,15-10-2024,Verified,Low
336,Germany,Phishing,Government IT,Social Media," $17,028.17 ",293,12-06-2025,Verified,Low
337,Australia,Phishing,EdTech,Phone Call," $8,383.24 ",356,24-04-2025,Unverified,Low
338,UK,Investment Scam,IT Services,Malicious Website," $38,027.36 ",161,20-11-2024,Under Investigation,Low
339,UAE,Investment Scam,E-commerce,Email," $30,281.36 ",261,11-10-2024,Under Investigation,Low
340,Australia,Business Email Compromise,Healthcare IT,Email," $2,30,060.07 ",13,17-06-2023,Unverified,High
341,Australia,Ransomware,FinTech,Malicious Website," $83,003.53 ",321,15-11-2023,Verified,Medium
342,UAE,Phishing,Healthcare IT,Phone Call," $57,207.07 ",273,15-02-2025,Under Investigation,Medium
343,USA,Online Job Fraud,Healthcare IT,Phone Call," $45,272.33 ",408,03-07-2024,Verified,Low
344,UAE,Tech Support Scam,EdTech,Phone Call," $26,537.89 ",94,05-04-2023,Unverified,Low
345,Canada,Investment Scam,EdTech,Email," $1,32,627.80 ",318,24-08-2023,Unverified,High
346,Canada,Online Job Fraud,Government IT,Social Media," $26,256.23 ",373,11-01-2024,Verified,Low
347,India,Business Email Compromise,Government IT,Social Media," $2,35,136.26 ",418,10-08-2024,Under Investigation,High
348,UK,Phishing,FinTech,SMS," $23,839.62 ",1,23-10-2023,Unverified,Low
349,Canada,Tech Support Scam,IT Services,SMS," $63,934.20 ",60,11-04-2025,Unverified,Medium
350,Canada,Phishing,IT Services,Phone Call," $76,051.78 ",267,22-05-2025,Verified,Medium
351,Germany,Tech Support Scam,E-commerce,Social Media," $69,415.20 ",316,08-03-2025,Verified,Medium
352,UK,Business Email Compromise,Government IT,Social Media," $87,186.39 ",165,05-01-2023,Unverified,Medium
353,Australia,Phishing,IT Services,SMS," $13,439.20 ",78,14-02-2024,Verified,Low
354,UAE,Identity Theft,IT Services,Email," $1,19,225.63 ",89,18-01-2025,Under Investigation,High
355,Germany,Investment Scam,E-commerce,Malicious Website," $44,373.83 ",402,23-10-2023,Unverified,Low
356,Germany,Tech Support Scam,Healthcare IT,SMS," $30,069.31 ",104,09-06-2024,Unverified,Low
357,USA,Business Email Compromise,E-commerce,Email," $1,14,963.25 ",125,26-02-2024,Under Investigation,High
358,Canada,Investment Scam,EdTech,Malicious Website," $38,802.65 ",63,23-05-2023,Unverified,Low
359,Canada,Business Email Compromise,IT Services,SMS," $43,076.67 ",145,13-08-2023,Under Investigation,Low
360,Australia,Phishing,IT Services,SMS," $24,836.45 ",450,31-03-2025,Under Investigation,Low
361,India,Online Job Fraud,FinTech,Social Media," $1,18,474.78 ",435,08-02-2023,Under Investigation,High
362,UK,Phishing,IT Services,Malicious Website," $6,215.73 ",134,01-08-2024,Unverified,Low
363,Germany,Ransomware,FinTech,Malicious Website," $49,403.85 ",456,07-07-2024,Unverified,Low
364,Canada,Ransomware,EdTech,Phone Call," $7,498.84 ",15,14-09-2024,Unverified,Low
365,UAE,Business Email Compromise,IT Services,Malicious Website," $48,388.78 ",478,19-08-2023,Unverified,Low
366,USA,Tech Support Scam,IT Services,Malicious Website," $42,566.23 ",157,03-07-2024,Verified,Low
367,UAE,Business Email Compromise,EdTech,Malicious Website," $69,797.67 ",485,15-02-2024,Unverified,Medium
368,Germany,Investment Scam,Government IT,Malicious Website," $68,118.40 ",254,15-07-2023,Under Investigation,Medium
369,USA,Tech Support Scam,IT Services,Social Media," $42,185.68 ",10,31-05-2024,Verified,Low
370,UAE,Identity Theft,E-commerce,Social Media," $1,04,683.37 ",353,28-04-2023,Verified,High
371,Germany,Online Job Fraud,IT Services,SMS," $86,090.40 ",159,25-03-2025,Under Investigation,Medium
372,Australia,Tech Support Scam,EdTech,Email," $93,687.20 ",216,26-11-2024,Under Investigation,Medium
373,UAE,Business Email Compromise,Government IT,Social Media," $34,886.72 ",136,18-09-2023,Verified,Low
374,UK,Online Job Fraud,FinTech,Email," $33,311.39 ",324,23-04-2025,Unverified,Low
375,Canada,Phishing,EdTech,Phone Call," $73,894.61 ",411,05-04-2023,Verified,Medium
376,UAE,Business Email Compromise,Healthcare IT,SMS," $45,620.25 ",420,19-10-2023,Verified,Low
377,USA,Ransomware,Healthcare IT,SMS," $62,970.59 ",283,10-03-2023,Verified,Medium
378,Australia,Ransomware,Government IT,Email," $87,665.08 ",254,21-04-2025,Verified,Medium
379,UAE,Investment Scam,E-commerce,Malicious Website," $20,967.37 ",134,12-12-2024,Unverified,Low
380,UAE,Identity Theft,E-commerce,Phone Call," $27,547.40 ",346,29-10-2023,Unverified,Low
381,Canada,Identity Theft,Healthcare IT,Social Media," $47,719.14 ",218,21-05-2023,Verified,Low
382,Germany,Phishing,E-commerce,Malicious Website," $7,489.79 ",210,14-09-2024,Unverified,Low
383,UK,Online Job Fraud,Healthcare IT,Phone Call," $64,748.80 ",171,04-04-2024,Verified,Medium
384,UK,Identity Theft,IT Services,Social Media," $5,391.10 ",496,20-11-2023,Under Investigation,Low
385,Germany,Phishing,IT Services,Social Media," $78,052.54 ",293,19-04-2025,Under Investigation,Medium
386,USA,Investment Scam,IT Services,Phone Call," $52,686.80 ",497,26-08-2024,Unverified,Medium
387,Australia,Tech Support Scam,E-commerce,Phone Call," $23,455.03 ",393,20-02-2023,Unverified,Low
388,UAE,Investment Scam,IT Services,Malicious Website," $66,674.52 ",296,24-10-2023,Unverified,Medium
389,Canada,Ransomware,Healthcare IT,Phone Call," $1,29,893.81 ",407,07-02-2025,Under Investigation,High
390,Australia,Ransomware,IT Services,Malicious Website," $6,008.94 ",405,12-12-2023,Verified,Low
391,UAE,Online Job Fraud,Healthcare IT,Email," $91,285.91 ",182,04-04-2025,Unverified,Medium
392,Canada,Ransomware,IT Services,SMS," $20,184.32 ",438,20-07-2024,Unverified,Low
393,Germany,Tech Support Scam,EdTech,Phone Call," $12,899.41 ",399,22-10-2024,Unverified,Low
394,India,Business Email Compromise,Healthcare IT,Social Media," $23,845.83 ",309,17-05-2023,Under Investigation,Low
395,Germany,Online Job Fraud,Healthcare IT,Phone Call," $11,507.14 ",313,27-04-2023,Verified,Low
396,UAE,Investment Scam,Government IT,Social Media," $46,281.91 ",291,28-07-2024,Verified,Low
397,UK,Phishing,EdTech,Malicious Website," $26,764.85 ",90,16-03-2023,Under Investigation,Low
398,UK,Investment Scam,Government IT,Phone Call," $1,28,171.68 ",391,29-07-2023,Verified,High
399,UK,Phishing,EdTech,SMS," $32,776.87 ",347,12-06-2024,Under Investigation,Low
400,UK,Investment Scam,Government IT,Malicious Website," $44,223.64 ",443,25-05-2025,Verified,Low
401,Australia,Investment Scam,IT Services,Social Media," $1,21,948.58 ",182,25-10-2024,Unverified,High
402,Germany,Investment Scam,Healthcare IT,SMS," $43,093.91 ",180,10-12-2024,Unverified,Low
403,Canada,Online Job Fraud,Government IT,Phone Call," $1,723.32 ",161,26-06-2023,Verified,Low
404,Canada,Investment Scam,E-commerce,Phone Call," $75,819.17 ",491,23-10-2024,Under Investigation,Medium
405,USA,Business Email Compromise,Healthcare IT,SMS," $12,429.30 ",370,13-04-2024,Verified,Low
406,UK,Online Job Fraud,E-commerce,SMS," $36,198.23 ",337,25-03-2023,Verified,Low
407,India,Ransomware,IT Services,Social Media," $30,715.78 ",148,21-09-2024,Verified,Low
408,Australia,Online Job Fraud,EdTech,Phone Call," $98,531.87 ",63,01-12-2024,Verified,Medium
409,Canada,Business Email Compromise,EdTech,SMS," $10,195.42 ",327,07-02-2025,Unverified,Low
410,Germany,Ransomware,FinTech,SMS," $18,548.61 ",478,03-08-2023,Unverified,Low
411,UAE,Identity Theft,FinTech,Malicious Website," $27,825.06 ",440,23-12-2024,Verified,Low
412,Germany,Business Email Compromise,Government IT,SMS," $21,492.01 ",158,12-10-2023,Under Investigation,Low
413,Australia,Business Email Compromise,Government IT,Malicious Website," $49,038.26 ",477,13-10-2023,Verified,Low
414,Australia,Ransomware,Healthcare IT,Malicious Website," $90,566.94 ",19,18-01-2023,Verified,Medium
415,UK,Investment Scam,EdTech,Malicious Website," $17,410.17 ",371,24-06-2023,Under Investigation,Low
416,UAE,Business Email Compromise,E-commerce,Phone Call," $37,501.51 ",476,23-04-2023,Unverified,Low
417,Germany,Ransomware,FinTech,Phone Call," $25,604.91 ",166,10-04-2025,Verified,Low
418,UAE,Business Email Compromise,IT Services,Malicious Website," $5,433.94 ",264,24-02-2023,Under Investigation,Low
419,Australia,Phishing,Government IT,Phone Call," $1,46,045.59 ",288,16-02-2025,Verified,High
420,UK,Phishing,FinTech,Social Media," $15,786.57 ",366,11-06-2023,Under Investigation,Low
421,Australia,Ransomware,E-commerce,Email," $26,274.48 ",87,24-02-2023,Verified,Low
422,UAE,Tech Support Scam,Healthcare IT,Email," $8,489.18 ",178,26-01-2024,Under Investigation,Low
423,USA,Tech Support Scam,EdTech,Social Media," $53,782.49 ",321,09-11-2023,Verified,Medium
424,Germany,Phishing,Healthcare IT,SMS," $12,549.65 ",472,18-03-2024,Verified,Low
425,UK,Phishing,Government IT,Social Media," $35,211.20 ",328,23-02-2023,Verified,Low
426,India,Phishing,Healthcare IT,Malicious Website," $20,720.59 ",229,01-08-2024,Unverified,Low
427,UAE,Ransomware,Government IT,Malicious Website," $1,09,222.54 ",92,21-09-2023,Under Investigation,High
428,Australia,Phishing,IT Services,Email," $5,237.00 ",96,29-03-2023,Under Investigation,Low
429,India,Online Job Fraud,FinTech,Phone Call," $64,054.74 ",120,24-03-2025,Unverified,Medium
430,Australia,Identity Theft,E-commerce,Email," $88,662.55 ",452,14-05-2024,Under Investigation,Medium
431,India,Business Email Compromise,IT Services,Email," $55,143.84 ",469,04-01-2025,Verified,Medium
432,Germany,Investment Scam,EdTech,Malicious Website," $19,577.38 ",466,07-01-2023,Verified,Low
433,USA,Online Job Fraud,E-commerce,Phone Call," $50,152.49 ",161,31-05-2023,Unverified,Medium
434,USA,Investment Scam,EdTech,Phone Call," $94,235.89 ",112,16-01-2024,Verified,Medium
435,Canada,Ransomware,Healthcare IT,Malicious Website," $1,04,553.07 ",285,30-11-2024,Verified,High
436,Australia,Business Email Compromise,FinTech,Phone Call," $60,860.69 ",385,25-03-2025,Under Investigation,Medium
437,India,Investment Scam,Government IT,Email," $49,009.64 ",11,15-01-2025,Unverified,Low
438,UK,Phishing,EdTech,Phone Call," $87,179.14 ",195,15-04-2024,Unverified,Medium
439,UAE,Identity Theft,EdTech,Email," $1,741.38 ",20,18-09-2023,Under Investigation,Low
440,UAE,Tech Support Scam,IT Services,Malicious Website," $21,170.67 ",256,03-01-2025,Under Investigation,Low
441,UK,Investment Scam,IT Services,Social Media," $22,530.28 ",53,16-05-2025,Verified,Low
442,UK,Ransomware,Government IT,Email," $1,48,263.36 ",342,30-12-2023,Unverified,High
443,Canada,Online Job Fraud,Healthcare IT,SMS," $7,547.72 ",202,07-06-2023,Verified,Low
444,UK,Identity Theft,Healthcare IT,SMS," $33,416.02 ",494,27-12-2024,Unverified,Low
445,Germany,Investment Scam,E-commerce,SMS," $80,435.72 ",209,31-05-2025,Verified,Medium
446,USA,Investment Scam,E-commerce,Email," $1,136.28 ",14,04-06-2024,Under Investigation,Low
447,India,Phishing,FinTech,Email," $39,004.39 ",237,08-10-2023,Under Investigation,Low
448,UK,Identity Theft,E-commerce,Phone Call," $14,912.73 ",246,05-10-2023,Under Investigation,Low
449,UK,Phishing,Government IT,SMS," $90,069.35 ",4,27-10-2024,Under Investigation,Medium
450,UK,Online Job Fraud,IT Services,Social Media," $37,294.73 ",109,01-09-2024,Under Investigation,Low
451,USA,Online Job Fraud,Healthcare IT,Malicious Website," $15,893.82 ",75,17-04-2025,Under Investigation,Low
452,Canada,Tech Support Scam,E-commerce,Social Media," $1,22,844.43 ",341,11-02-2023,Verified,High
453,Germany,Investment Scam,E-commerce,Social Media," $42,962.03 ",422,03-02-2023,Unverified,Low
454,UK,Online Job Fraud,IT Services,Malicious Website," $40,391.78 ",153,13-01-2024,Verified,Low
455,Germany,Identity Theft,FinTech,Phone Call," $63,684.47 ",117,23-05-2025,Under Investigation,Medium
456,UK,Phishing,IT Services,Social Media," $7,542.22 ",27,04-04-2025,Unverified,Low
457,UK,Business Email Compromise,E-commerce,Phone Call," $15,496.27 ",219,17-06-2023,Unverified,Low
458,Germany,Ransomware,Government IT,Malicious Website," $14,432.84 ",237,31-03-2025,Under Investigation,Low
459,Germany,Phishing,Government IT,Social Media," $9,641.10 ",173,05-02-2024,Unverified,Low
460,Germany,Business Email Compromise,Government IT,Email," $27,130.48 ",476,02-12-2024,Verified,Low
461,Canada,Investment Scam,E-commerce,Social Media," $36,585.85 ",64,10-05-2023,Unverified,Low
462,UAE,Investment Scam,Government IT,SMS," $9,093.09 ",363,05-12-2024,Verified,Low
463,India,Online Job Fraud,EdTech,Malicious Website," $4,321.41 ",292,06-01-2024,Verified,Low
464,India,Phishing,FinTech,Social Media," $14,075.00 ",149,17-02-2025,Under Investigation,Low
465,Germany,Identity Theft,IT Services,Phone Call," $17,032.61 ",164,23-04-2023,Verified,Low
466,Canada,Tech Support Scam,Healthcare IT,Social Media," $63,922.76 ",232,15-08-2023,Under Investigation,Medium
467,UAE,Phishing,EdTech,SMS," $1,49,098.17 ",55,14-09-2024,Unverified,High
468,UK,Tech Support Scam,Healthcare IT,Social Media," $1,54,050.28 ",406,10-03-2023,Verified,High
469,USA,Phishing,Government IT,SMS," $33,058.69 ",250,01-07-2024,Under Investigation,Low
470,Australia,Tech Support Scam,EdTech,Email," $38,809.35 ",467,08-01-2025,Under Investigation,Low
471,UAE,Business Email Compromise,Government IT,Malicious Website," $92,109.39 ",337,21-05-2024,Verified,Medium
472,Australia,Business Email Compromise,Government IT,Malicious Website," $45,421.44 ",482,20-07-2023,Verified,Low
473,USA,Ransomware,IT Services,Malicious Website," $73,682.50 ",73,13-12-2024,Verified,Medium
474,Canada,Tech Support Scam,IT Services,Social Media," $21,657.76 ",129,05-08-2023,Unverified,Low
475,UK,Investment Scam,IT Services,Phone Call," $61,026.38 ",104,11-02-2023,Unverified,Medium
476,UK,Business Email Compromise,FinTech,SMS," $30,779.83 ",291,11-05-2023,Under Investigation,Low
477,Australia,Ransomware,IT Services,SMS," $4,047.78 ",108,21-06-2023,Verified,Low
478,India,Online Job Fraud,E-commerce,Email," $1,71,633.46 ",102,15-05-2025,Under Investigation,High
479,Australia,Identity Theft,Healthcare IT,Malicious Website," $5,440.20 ",101,13-02-2023,Unverified,Low
480,India,Identity Theft,IT Services,Email," $82,364.84 ",305,17-01-2023,Under Investigation,Medium
481,Germany,Investment Scam,Government IT,Malicious Website," $1,50,024.53 ",311,11-05-2024,Unverified,High
482,Germany,Online Job Fraud,E-commerce,Phone Call," $10,236.51 ",318,14-08-2024,Verified,Low
483,India,Business Email Compromise,Government IT,Email," $1,03,157.09 ",264,22-10-2024,Under Investigation,High
484,Germany,Investment Scam,EdTech,Social Media," $71,155.35 ",485,09-01-2024,Verified,Medium
485,UAE,Online Job Fraud,EdTech,Phone Call," $50,699.53 ",200,20-06-2024,Verified,Medium
486,UAE,Ransomware,E-commerce,Phone Call," $1,16,840.10 ",268,16-10-2024,Verified,High
487,UAE,Phishing,EdTech,SMS," $59,073.92 ",489,26-05-2025,Under Investigation,Medium
488,India,Ransomware,Healthcare IT,SMS," $55,420.63 ",288,16-02-2025,Under Investigation,Medium
489,Australia,Business Email Compromise,IT Services,Social Media," $44,368.62 ",401,04-03-2025,Verified,Low
490,Canada,Identity Theft,Healthcare IT,SMS," $41,960.15 ",250,26-01-2024,Unverified,Low
491,UK,Identity Theft,EdTech,Email," $1,726.78 ",117,02-06-2024,Unverified,Low
492,Canada,Ransomware,EdTech,Phone Call," $17,644.75 ",176,19-04-2025,Verified,Low
493,India,Investment Scam,EdTech,Phone Call," $1,77,123.50 ",215,21-04-2024,Under Investigation,High
494,UAE,Identity Theft,IT Services,Email," $32,143.07 ",478,07-01-2024,Verified,Low
495,USA,Investment Scam,EdTech,Social Media," $93,071.36 ",402,18-03-2024,Unverified,Medium
496,India,Online Job Fraud,EdTech,Malicious Website," $88,279.88 ",273,09-06-2024,Unverified,Medium
497,Canada,Phishing,E-commerce,Phone Call," $45,350.43 ",483,11-09-2024,Under Investigation,Low
498,Canada,Business Email Compromise,E-commerce,SMS," $6,423.89 ",98,11-05-2023,Unverified,Low
499,Germany,Business Email Compromise,E-commerce,Email," $59,583.90 ",424,02-07-2023,Unverified,Medium
500,USA,Ransomware,E-commerce,Malicious Website," $25,916.47 ",39,10-06-2024,Under Investigation,Low
501,Germany,Ransomware,Healthcare IT,Phone Call," $81,476.16 ",4,15-12-2023,Verified,Medium
502,UK,Online Job Fraud,Government IT,Social Media," $54,184.49 ",397,22-12-2024,Unverified,Medium
503,UAE,Business Email Compromise,E-commerce,SMS," $36,715.97 ",493,01-03-2024,Under Investigation,Low
504,Australia,Identity Theft,IT Services,Social Media," $1,04,642.71 ",450,07-11-2023,Verified,High
505,Germany,Phishing,Healthcare IT,Malicious Website," $30,989.52 ",34,18-02-2024,Verified,Low
506,India,Phishing,IT Services,Social Media, $11.88 ,269,21-05-2023,Under Investigation,Low
507,UAE,Identity Theft,E-commerce,SMS," $24,222.48 ",96,08-01-2025,Verified,Low
508,UAE,Business Email Compromise,EdTech,Social Media," $3,630.13 ",302,29-01-2023,Verified,Low
509,UAE,Ransomware,E-commerce,Phone Call," $72,876.26 ",477,14-11-2023,Under Investigation,Medium
510,Germany,Business Email Compromise,E-commerce,Email," $32,684.37 ",185,29-09-2023,Verified,Low
511,Germany,Identity Theft,E-commerce,SMS," $1,03,445.70 ",239,12-01-2024,Verified,High
512,Australia,Business Email Compromise,IT Services,Email," $73,109.86 ",409,25-12-2023,Under Investigation,Medium
513,Germany,Identity Theft,Government IT,Malicious Website," $36,961.57 ",65,19-11-2024,Under Investigation,Low
514,Australia,Phishing,IT Services,Malicious Website," $5,853.33 ",142,11-01-2024,Verified,Low
515,UK,Investment Scam,Healthcare IT,Malicious Website," $16,930.46 ",324,26-05-2023,Under Investigation,Low
516,USA,Tech Support Scam,IT Services,Phone Call," $13,303.06 ",153,07-03-2024,Unverified,Low
517,India,Business Email Compromise,EdTech,Social Media, $901.78 ,494,07-08-2024,Verified,Low
518,Germany,Identity Theft,E-commerce,Phone Call," $5,796.79 ",377,10-12-2023,Under Investigation,Low
519,UAE,Identity Theft,Government IT,Phone Call," $6,644.44 ",187,15-03-2025,Verified,Low
520,India,Phishing,E-commerce,Social Media," $77,169.64 ",427,15-01-2024,Under Investigation,Medium
521,Australia,Business Email Compromise,FinTech,SMS," $27,028.24 ",440,15-11-2023,Unverified,Low
522,Australia,Tech Support Scam,EdTech,Email," $1,44,778.08 ",11,03-03-2023,Verified,High
523,USA,Ransomware,Government IT,Social Media," $47,519.71 ",153,11-12-2024,Under Investigation,Low
524,Australia,Tech Support Scam,FinTech,Phone Call," $2,36,472.23 ",59,06-08-2024,Unverified,High
525,India,Business Email Compromise,EdTech,Social Media," $1,43,000.47 ",63,06-11-2023,Verified,High
526,Germany,Identity Theft,Government IT,Social Media," $46,791.11 ",493,01-01-2024,Unverified,Low
527,UK,Identity Theft,EdTech,Phone Call," $13,111.75 ",226,04-04-2025,Under Investigation,Low
528,Canada,Identity Theft,Healthcare IT,Malicious Website," $12,454.24 ",241,20-05-2024,Verified,Low
529,UK,Business Email Compromise,Government IT,Email," $75,612.04 ",262,31-05-2024,Under Investigation,Medium
530,Australia,Business Email Compromise,Government IT,Email," $2,979.15 ",47,27-12-2024,Unverified,Low
531,Germany,Business Email Compromise,Government IT,Phone Call," $1,07,616.05 ",99,20-01-2023,Unverified,High
532,India,Investment Scam,IT Services,Phone Call," $2,64,002.49 ",61,09-06-2025,Under Investigation,High
533,India,Identity Theft,Government IT,Phone Call," $25,229.09 ",178,29-04-2025,Under Investigation,Low
534,India,Online Job Fraud,Government IT,SMS," $59,539.77 ",216,03-01-2023,Verified,Medium
535,Australia,Investment Scam,IT Services,SMS," $84,595.65 ",486,19-02-2025,Verified,Medium
536,Germany,Business Email Compromise,E-commerce,SMS," $12,668.39 ",495,30-03-2023,Under Investigation,Low
537,Canada,Ransomware,E-commerce,Phone Call," $44,939.73 ",398,23-12-2023,Unverified,Low
538,Germany,Online Job Fraud,Government IT,Email," $4,797.30 ",105,19-11-2023,Unverified,Low
539,India,Identity Theft,FinTech,Phone Call," $15,938.65 ",29,10-10-2024,Under Investigation,Low
540,Canada,Tech Support Scam,EdTech,Malicious Website," $2,269.57 ",226,28-11-2023,Under Investigation,Low
541,India,Tech Support Scam,EdTech,Social Media," $1,803.25 ",463,09-02-2023,Unverified,Low
542,UK,Investment Scam,Government IT,Social Media," $1,34,111.44 ",395,14-08-2023,Unverified,High
543,Germany,Ransomware,FinTech,Social Media," $26,250.72 ",463,07-02-2023,Unverified,Low
544,UK,Ransomware,Healthcare IT,Social Media," $15,038.62 ",389,25-06-2023,Unverified,Low
545,India,Investment Scam,Government IT,Malicious Website," $34,246.62 ",454,06-02-2023,Under Investigation,Low
546,Germany,Business Email Compromise,EdTech,Social Media," $12,434.81 ",461,06-03-2025,Under Investigation,Low
547,USA,Identity Theft,Government IT,Phone Call," $3,959.24 ",81,24-04-2023,Under Investigation,Low
548,Germany,Online Job Fraud,Healthcare IT,SMS," $34,174.35 ",224,14-11-2023,Under Investigation,Low
549,USA,Business Email Compromise,Government IT,Email," $44,874.40 ",186,19-11-2023,Under Investigation,Low
550,Germany,Investment Scam,Healthcare IT,Malicious Website," $21,370.91 ",354,09-02-2023,Verified,Low
551,India,Online Job Fraud,EdTech,Social Media," $41,704.67 ",237,16-10-2023,Unverified,Low
552,Canada,Business Email Compromise,FinTech,Email," $1,05,445.57 ",147,02-12-2023,Unverified,High
553,Canada,Identity Theft,FinTech,SMS," $53,713.33 ",353,24-07-2024,Verified,Medium
554,Canada,Identity Theft,FinTech,SMS," $1,00,981.03 ",169,19-02-2025,Verified,High
555,USA,Tech Support Scam,Healthcare IT,Malicious Website," $90,704.34 ",345,23-11-2024,Verified,Medium
556,Canada,Online Job Fraud,FinTech,Email," $56,993.71 ",191,28-10-2024,Unverified,Medium
557,India,Tech Support Scam,Government IT,Malicious Website," $69,861.02 ",7,13-05-2023,Under Investigation,Medium
558,Canada,Ransomware,Healthcare IT,Social Media," $1,06,377.32 ",314,30-01-2025,Under Investigation,High
559,Canada,Phishing,IT Services,Phone Call," $1,484.18 ",23,01-03-2024,Verified,Low
560,Australia,Investment Scam,Government IT,Email," $6,898.20 ",363,12-03-2024,Verified,Low
561,Germany,Online Job Fraud,FinTech,Email," $68,032.94 ",415,23-03-2023,Under Investigation,Medium
562,UAE,Tech Support Scam,FinTech,Social Media," $85,178.37 ",206,11-08-2024,Verified,Medium
563,USA,Business Email Compromise,EdTech,Phone Call," $35,409.77 ",295,12-08-2023,Verified,Low
564,UK,Business Email Compromise,E-commerce,Phone Call," $4,392.31 ",155,23-04-2023,Unverified,Low
565,Germany,Ransomware,EdTech,Malicious Website," $41,031.34 ",360,11-08-2023,Under Investigation,Low
566,India,Online Job Fraud,IT Services,Social Media," $23,635.99 ",448,05-05-2025,Verified,Low
567,Canada,Tech Support Scam,Government IT,Social Media," $85,374.43 ",496,22-11-2023,Unverified,Medium
568,India,Phishing,Government IT,Social Media," $16,657.89 ",455,08-08-2024,Under Investigation,Low
569,Australia,Investment Scam,FinTech,SMS," $28,302.89 ",482,10-04-2025,Unverified,Low
570,UAE,Investment Scam,E-commerce,Malicious Website," $24,891.46 ",335,10-08-2023,Unverified,Low
571,UK,Phishing,E-commerce,Email," $70,060.01 ",278,15-07-2023,Verified,Medium
572,India,Tech Support Scam,Healthcare IT,SMS," $9,543.10 ",484,30-08-2023,Verified,Low
573,UK,Tech Support Scam,FinTech,Malicious Website," $1,47,154.99 ",192,17-01-2023,Under Investigation,High
574,UK,Business Email Compromise,EdTech,Phone Call," $73,698.23 ",401,04-06-2025,Verified,Medium
575,UK,Investment Scam,Healthcare IT,SMS," $21,223.46 ",474,30-04-2023,Verified,Low
576,Canada,Phishing,E-commerce,Social Media," $2,341.06 ",306,27-09-2023,Verified,Low
577,Germany,Investment Scam,EdTech,Social Media," $1,81,509.72 ",285,16-12-2024,Unverified,High
578,USA,Investment Scam,Healthcare IT,Social Media," $69,245.13 ",227,16-01-2024,Unverified,Medium
579,India,Ransomware,FinTech,Malicious Website," $24,193.95 ",29,02-02-2023,Verified,Low
580,Germany,Investment Scam,EdTech,Social Media," $19,549.29 ",79,03-04-2024,Under Investigation,Low
581,Canada,Identity Theft,E-commerce,Phone Call," $57,489.29 ",26,26-04-2024,Unverified,Medium
582,UAE,Ransomware,FinTech,Phone Call," $15,984.56 ",285,30-05-2024,Verified,Low
583,Australia,Tech Support Scam,EdTech,Social Media," $27,772.09 ",397,03-05-2024,Verified,Low
584,Australia,Phishing,IT Services,Phone Call," $8,933.84 ",375,07-03-2025,Unverified,Low
585,India,Identity Theft,EdTech,SMS," $59,156.61 ",372,10-03-2025,Verified,Medium
586,UK,Online Job Fraud,EdTech,Malicious Website," $4,298.65 ",462,25-03-2023,Verified,Low
587,Canada,Ransomware,Government IT,Phone Call," $53,139.75 ",27,07-12-2024,Under Investigation,Medium
588,USA,Identity Theft,E-commerce,Email," $1,50,657.72 ",236,15-03-2024,Under Investigation,High
589,India,Identity Theft,E-commerce,Malicious Website," $28,311.17 ",21,30-10-2023,Unverified,Low
590,USA,Identity Theft,E-commerce,Social Media," $27,212.86 ",443,25-03-2023,Unverified,Low
591,USA,Tech Support Scam,Healthcare IT,Email," $25,341.22 ",441,28-03-2024,Unverified,Low
592,India,Identity Theft,IT Services,Email," $2,06,688.53 ",257,23-07-2024,Under Investigation,High
593,UK,Investment Scam,IT Services,Phone Call," $1,12,262.63 ",15,11-06-2023,Verified,High
594,USA,Tech Support Scam,IT Services,Social Media," $11,983.00 ",320,03-03-2025,Under Investigation,Low
595,India,Online Job Fraud,FinTech,Malicious Website," $62,749.98 ",274,28-09-2023,Under Investigation,Medium
596,Germany,Tech Support Scam,E-commerce,Malicious Website," $31,888.69 ",27,06-08-2024,Verified,Low
597,Canada,Investment Scam,EdTech,SMS," $8,672.79 ",473,18-10-2024,Unverified,Low
598,UAE,Business Email Compromise,IT Services,SMS," $4,779.56 ",8,13-08-2024,Unverified,Low
599,Germany,Identity Theft,FinTech,SMS," $30,228.77 ",50,18-07-2023,Verified,Low
600,UAE,Phishing,Healthcare IT,Malicious Website," $49,204.44 ",448,23-11-2024,Unverified,Low
601,Canada,Identity Theft,E-commerce,Phone Call," $1,21,427.85 ",378,17-06-2025,Under Investigation,High
602,UAE,Ransomware,FinTech,Malicious Website," $10,256.52 ",15,02-06-2023,Under Investigation,Low
603,India,Business Email Compromise,FinTech,Email, $61.63 ,455,30-09-2023,Verified,Low
604,UAE,Investment Scam,E-commerce,Phone Call," $46,736.29 ",340,09-01-2025,Verified,Low
605,India,Ransomware,IT Services,Email," $40,868.97 ",432,10-04-2025,Unverified,Low
606,USA,Tech Support Scam,EdTech,Email," $52,708.65 ",117,21-01-2024,Verified,Medium
607,Canada,Phishing,E-commerce,Malicious Website," $79,865.36 ",395,05-03-2023,Verified,Medium
608,Australia,Ransomware,IT Services,SMS," $30,368.68 ",72,27-02-2025,Unverified,Low
609,UK,Ransomware,Government IT,Phone Call," $3,760.26 ",320,04-12-2023,Under Investigation,Low
610,Australia,Identity Theft,Government IT,Social Media," $32,690.44 ",95,15-06-2023,Verified,Low
611,UK,Ransomware,Government IT,Phone Call," $17,241.74 ",301,29-12-2024,Verified,Low
612,Germany,Business Email Compromise,Healthcare IT,Email," $98,349.38 ",102,29-02-2024,Unverified,Medium
613,Australia,Investment Scam,FinTech,Malicious Website," $2,021.25 ",214,21-11-2024,Unverified,Low
614,Germany,Phishing,Healthcare IT,Malicious Website," $5,542.68 ",401,10-08-2024,Unverified,Low
615,UK,Investment Scam,E-commerce,Malicious Website," $2,15,859.13 ",160,07-04-2024,Verified,High
616,UK,Tech Support Scam,FinTech,Phone Call," $34,546.30 ",86,02-04-2023,Under Investigation,Low
617,India,Online Job Fraud,FinTech,Social Media," $60,611.17 ",202,30-08-2023,Unverified,Medium
618,India,Online Job Fraud,E-commerce,Email," $19,760.49 ",2,13-08-2023,Unverified,Low
619,Germany,Tech Support Scam,EdTech,Phone Call," $4,598.45 ",461,11-08-2024,Verified,Low
620,Germany,Ransomware,Healthcare IT,SMS," $4,091.88 ",406,13-04-2023,Under Investigation,Low
621,Canada,Phishing,E-commerce,Social Media," $7,119.43 ",359,31-03-2023,Verified,Low
622,Australia,Investment Scam,FinTech,Email," $58,472.93 ",498,23-05-2023,Under Investigation,Medium
623,Germany,Investment Scam,EdTech,Phone Call," $11,166.57 ",375,03-03-2024,Verified,Low
624,UAE,Phishing,FinTech,Phone Call," $5,522.44 ",459,13-11-2023,Unverified,Low
625,Canada,Identity Theft,FinTech,Malicious Website," $61,289.75 ",390,09-01-2023,Verified,Medium
626,UAE,Business Email Compromise,Healthcare IT,Email," $1,37,609.70 ",359,11-08-2023,Verified,High
627,India,Investment Scam,IT Services,Malicious Website," $38,967.54 ",370,16-12-2024,Verified,Low
628,Canada,Identity Theft,Government IT,SMS," $1,02,385.18 ",178,09-05-2025,Under Investigation,High
629,India,Identity Theft,Healthcare IT,Social Media," $80,905.79 ",318,21-04-2023,Under Investigation,Medium
630,Germany,Identity Theft,Government IT,Social Media," $84,322.73 ",7,03-04-2024,Under Investigation,Medium
631,UK,Business Email Compromise,EdTech,Malicious Website," $1,12,602.52 ",388,25-01-2024,Under Investigation,High
632,USA,Online Job Fraud,Government IT,Malicious Website," $84,994.88 ",410,13-06-2025,Under Investigation,Medium
633,India,Business Email Compromise,Healthcare IT,Malicious Website," $51,581.95 ",297,30-11-2024,Verified,Medium
634,Australia,Online Job Fraud,FinTech,SMS," $65,761.89 ",459,12-01-2023,Verified,Medium
635,UK,Identity Theft,EdTech,Phone Call," $14,191.36 ",397,20-06-2024,Unverified,Low
636,Germany,Business Email Compromise,FinTech,SMS," $1,02,701.78 ",122,27-05-2023,Under Investigation,High
637,India,Tech Support Scam,EdTech,SMS," $1,86,205.14 ",356,15-11-2024,Under Investigation,High
638,Australia,Investment Scam,Government IT,Social Media," $10,051.86 ",119,05-11-2023,Under Investigation,Low
639,UAE,Online Job Fraud,E-commerce,Malicious Website," $53,750.81 ",307,22-03-2025,Under Investigation,Medium
640,India,Investment Scam,Healthcare IT,SMS," $40,524.91 ",402,23-12-2024,Verified,Low
641,Canada,Identity Theft,E-commerce,SMS," $12,968.00 ",352,08-11-2023,Unverified,Low
642,Canada,Phishing,EdTech,Email," $1,84,032.00 ",131,14-12-2024,Verified,High
643,UAE,Investment Scam,IT Services,Email," $25,813.80 ",445,03-04-2023,Under Investigation,Low
644,India,Online Job Fraud,Government IT,SMS," $27,098.60 ",207,19-12-2023,Verified,Low
645,Canada,Ransomware,IT Services,SMS," $91,770.65 ",305,11-05-2025,Unverified,Medium
646,Germany,Business Email Compromise,IT Services,Phone Call," $1,61,929.13 ",442,24-01-2023,Unverified,High
647,Canada,Identity Theft,E-commerce,Malicious Website," $27,712.18 ",4,01-01-2025,Verified,Low
648,USA,Identity Theft,EdTech,Malicious Website," $23,184.28 ",20,01-06-2023,Verified,Low
649,USA,Identity Theft,Government IT,Social Media," $39,186.49 ",435,30-08-2024,Unverified,Low
650,UK,Phishing,EdTech,Malicious Website," $44,343.68 ",250,27-04-2023,Verified,Low
651,USA,Phishing,EdTech,SMS," $25,168.94 ",228,31-07-2024,Verified,Low
652,India,Identity Theft,EdTech,Social Media," $45,530.79 ",420,12-02-2025,Under Investigation,Low
653,UK,Online Job Fraud,E-commerce,Email," $53,211.90 ",243,06-01-2024,Under Investigation,Medium
654,Germany,Tech Support Scam,EdTech,SMS," $16,693.60 ",125,25-09-2023,Unverified,Low
655,India,Business Email Compromise,Government IT,Email," $24,213.01 ",18,05-07-2024,Unverified,Low
656,UAE,Investment Scam,IT Services,Email," $90,393.85 ",225,16-05-2025,Under Investigation,Medium
657,Germany,Tech Support Scam,EdTech,Malicious Website," $74,805.51 ",100,21-01-2025,Verified,Medium
658,Canada,Phishing,Government IT,SMS," $46,047.00 ",298,09-06-2024,Verified,Low
659,Germany,Online Job Fraud,E-commerce,Social Media," $1,77,708.85 ",375,20-10-2023,Unverified,High
660,UAE,Phishing,EdTech,Email," $96,339.49 ",493,06-07-2024,Verified,Medium
661,India,Online Job Fraud,Government IT,Phone Call," $14,199.85 ",316,16-01-2024,Under Investigation,Low
662,UK,Phishing,IT Services,Social Media," $29,466.87 ",231,25-03-2023,Unverified,Low
663,Australia,Investment Scam,IT Services,SMS," $44,941.07 ",326,25-05-2023,Under Investigation,Low
664,USA,Ransomware,EdTech,SMS," $24,803.55 ",28,07-03-2023,Unverified,Low
665,UAE,Tech Support Scam,IT Services,Social Media," $97,591.57 ",261,24-03-2024,Verified,Medium
666,Australia,Ransomware,EdTech,Malicious Website," $74,244.58 ",440,06-11-2024,Unverified,Medium
667,Australia,Business Email Compromise,E-commerce,SMS," $1,75,030.52 ",303,14-10-2023,Unverified,High
668,Canada,Phishing,EdTech,Social Media," $13,462.68 ",195,21-09-2024,Verified,Low
669,USA,Tech Support Scam,FinTech,Email," $9,301.90 ",458,27-08-2024,Under Investigation,Low
670,Australia,Online Job Fraud,EdTech,Phone Call," $20,549.25 ",350,27-12-2023,Under Investigation,Low
671,UAE,Business Email Compromise,IT Services,Social Media," $28,183.86 ",276,14-02-2025,Under Investigation,Low
672,Germany,Ransomware,Healthcare IT,Phone Call," $48,004.95 ",1,09-11-2023,Under Investigation,Low
673,Germany,Ransomware,Government IT,Phone Call," $9,138.60 ",468,11-10-2023,Unverified,Low
674,Germany,Phishing,EdTech,Social Media," $1,868.04 ",421,17-11-2024,Verified,Low
675,Canada,Phishing,IT Services,Social Media," $54,503.13 ",165,01-11-2023,Verified,Medium
676,Germany,Investment Scam,Government IT,SMS," $92,949.62 ",44,03-04-2025,Unverified,Medium
677,Germany,Business Email Compromise,Healthcare IT,Email," $44,016.55 ",207,11-09-2024,Verified,Low
678,USA,Business Email Compromise,E-commerce,Social Media," $38,816.21 ",404,31-05-2025,Under Investigation,Low
679,USA,Ransomware,IT Services,SMS," $2,15,973.18 ",457,25-05-2024,Under Investigation,High
680,Germany,Identity Theft,EdTech,Phone Call," $13,141.73 ",282,07-03-2025,Under Investigation,Low
681,USA,Phishing,IT Services,Social Media," $51,082.97 ",35,17-07-2023,Unverified,Medium
682,USA,Identity Theft,EdTech,Social Media," $9,923.18 ",59,16-04-2025,Under Investigation,Low
683,USA,Business Email Compromise,E-commerce,Malicious Website," $5,452.20 ",179,25-07-2023,Verified,Low
684,Canada,Identity Theft,FinTech,Phone Call," $58,270.93 ",276,23-11-2024,Unverified,Medium
685,India,Investment Scam,E-commerce,SMS," $32,686.43 ",251,21-03-2025,Verified,Low
686,UK,Business Email Compromise,Healthcare IT,Malicious Website, $876.63 ,217,02-11-2023,Verified,Low
687,USA,Ransomware,E-commerce,Social Media," $1,80,777.26 ",39,11-08-2023,Under Investigation,High
688,UK,Tech Support Scam,IT Services,Social Media," $14,666.54 ",427,27-06-2023,Under Investigation,Low
689,India,Investment Scam,Government IT,Malicious Website," $20,977.20 ",294,01-05-2025,Unverified,Low
690,Australia,Ransomware,E-commerce,Email," $6,718.96 ",126,23-03-2025,Verified,Low
691,UK,Phishing,E-commerce,Social Media," $7,747.52 ",434,15-01-2025,Unverified,Low
692,Germany,Online Job Fraud,Healthcare IT,Malicious Website," $66,006.41 ",8,07-12-2023,Under Investigation,Medium
693,Germany,Online Job Fraud,Government IT,Phone Call," $4,930.32 ",264,30-10-2024,Verified,Low
694,UK,Business Email Compromise,EdTech,SMS," $29,326.89 ",5,09-05-2024,Under Investigation,Low
695,UK,Ransomware,E-commerce,Social Media," $9,749.05 ",290,12-07-2023,Under Investigation,Low
696,Canada,Investment Scam,Government IT,Malicious Website," $91,043.54 ",218,02-03-2024,Unverified,Medium
697,UAE,Ransomware,Healthcare IT,Malicious Website," $57,481.81 ",114,25-05-2023,Under Investigation,Medium
698,UAE,Online Job Fraud,E-commerce,Social Media," $88,856.51 ",303,13-01-2025,Verified,Medium
699,Australia,Ransomware,EdTech,Phone Call," $73,162.95 ",475,19-04-2025,Verified,Medium
700,Canada,Online Job Fraud,EdTech,Email," $79,361.90 ",452,11-03-2025,Unverified,Medium
701,Germany,Investment Scam,FinTech,Malicious Website," $45,890.79 ",287,15-10-2024,Under Investigation,Low
702,UAE,Investment Scam,IT Services,Malicious Website," $25,032.58 ",69,27-12-2023,Unverified,Low
703,Germany,Ransomware,Government IT,Social Media," $5,635.65 ",220,04-12-2024,Verified,Low
704,UK,Investment Scam,FinTech,Malicious Website," $2,470.65 ",73,10-06-2023,Under Investigation,Low
705,USA,Tech Support Scam,EdTech,Malicious Website," $26,120.28 ",176,19-02-2025,Unverified,Low
706,Germany,Identity Theft,EdTech,Malicious Website," $76,251.50 ",77,08-06-2023,Unverified,Medium
707,USA,Online Job Fraud,Healthcare IT,Phone Call," $67,056.34 ",324,01-09-2024,Unverified,Medium
708,Canada,Phishing,IT Services,SMS," $25,887.50 ",494,05-10-2024,Unverified,Low
709,Canada,Business Email Compromise,FinTech,Phone Call," $55,069.82 ",454,26-04-2024,Verified,Medium
710,Australia,Investment Scam,Government IT,Malicious Website," $71,834.17 ",489,06-10-2023,Under Investigation,Medium
711,UAE,Tech Support Scam,IT Services,Email," $28,598.12 ",331,02-10-2024,Verified,Low
712,UK,Ransomware,EdTech,Phone Call," $6,403.55 ",310,30-03-2024,Unverified,Low
713,Australia,Investment Scam,EdTech,SMS, $288.77 ,143,06-03-2023,Under Investigation,Low
714,UK,Tech Support Scam,E-commerce,Phone Call," $22,821.73 ",199,23-05-2023,Unverified,Low
715,Australia,Ransomware,Healthcare IT,Email," $59,448.83 ",316,27-08-2024,Under Investigation,Medium
716,USA,Business Email Compromise,E-commerce,Email," $29,773.23 ",305,05-01-2025,Verified,Low
717,UAE,Investment Scam,FinTech,Social Media," $23,360.52 ",428,12-04-2023,Under Investigation,Low
718,UK,Tech Support Scam,FinTech,Phone Call," $3,800.65 ",355,13-09-2024,Under Investigation,Low
719,UK,Tech Support Scam,IT Services,Malicious Website," $51,441.62 ",450,15-02-2025,Unverified,Medium
720,Canada,Tech Support Scam,Healthcare IT,Email," $23,884.52 ",282,24-11-2023,Under Investigation,Low
721,USA,Online Job Fraud,Government IT,Email," $36,602.90 ",454,20-09-2024,Verified,Low
722,UAE,Business Email Compromise,Government IT,Email," $84,037.64 ",153,12-01-2023,Unverified,Medium
723,UAE,Ransomware,Government IT,SMS," $8,066.68 ",304,20-10-2023,Unverified,Low
724,India,Identity Theft,FinTech,Social Media," $14,122.77 ",228,21-02-2025,Unverified,Low
725,Germany,Tech Support Scam,FinTech,Malicious Website," $25,073.92 ",343,22-11-2023,Unverified,Low
726,India,Ransomware,Government IT,Malicious Website," $68,693.73 ",364,09-06-2025,Under Investigation,Medium
727,USA,Investment Scam,EdTech,SMS," $36,827.18 ",21,11-02-2024,Under Investigation,Low
728,Australia,Tech Support Scam,E-commerce,Email," $28,181.63 ",336,25-03-2025,Unverified,Low
729,India,Ransomware,Healthcare IT,Email," $3,697.41 ",399,03-03-2025,Unverified,Low
730,USA,Online Job Fraud,EdTech,SMS," $53,166.08 ",51,21-02-2025,Under Investigation,Medium
731,UK,Ransomware,E-commerce,Email," $10,979.63 ",141,14-04-2024,Under Investigation,Low
732,Canada,Online Job Fraud,E-commerce,Phone Call," $10,818.22 ",334,11-06-2025,Unverified,Low
733,UK,Identity Theft,E-commerce,Phone Call," $48,031.96 ",373,17-07-2024,Under Investigation,Low
734,Australia,Phishing,Healthcare IT,Social Media," $55,447.68 ",157,20-01-2025,Under Investigation,Medium
735,Australia,Ransomware,Government IT,Social Media," $37,992.16 ",136,24-05-2023,Unverified,Low
736,Australia,Phishing,Government IT,SMS," $4,695.01 ",158,19-10-2024,Under Investigation,Low
737,USA,Ransomware,Healthcare IT,Email," $25,533.38 ",77,05-10-2024,Verified,Low
738,UK,Investment Scam,FinTech,Phone Call," $86,629.46 ",350,03-04-2024,Under Investigation,Medium
739,Germany,Identity Theft,FinTech,Phone Call," $6,575.11 ",108,08-08-2024,Under Investigation,Low
740,Germany,Ransomware,E-commerce,Phone Call," $80,417.20 ",159,05-08-2024,Unverified,Medium
741,Canada,Ransomware,EdTech,SMS," $17,497.61 ",241,20-03-2024,Under Investigation,Low
742,UK,Ransomware,FinTech,Social Media," $14,823.55 ",36,25-03-2023,Under Investigation,Low
743,Australia,Phishing,Healthcare IT,Email," $33,038.42 ",263,01-04-2025,Under Investigation,Low
744,India,Ransomware,E-commerce,Phone Call," $39,950.56 ",376,15-11-2024,Unverified,Low
745,Canada,Tech Support Scam,E-commerce,Malicious Website," $50,140.30 ",379,21-05-2023,Under Investigation,Medium
746,Canada,Online Job Fraud,E-commerce,Malicious Website," $46,016.42 ",118,04-10-2023,Verified,Low
747,USA,Identity Theft,IT Services,SMS," $1,07,797.33 ",393,26-01-2023,Under Investigation,High
748,USA,Business Email Compromise,FinTech,Phone Call," $11,915.70 ",10,13-01-2024,Under Investigation,Low
749,India,Online Job Fraud,E-commerce,Phone Call," $22,374.74 ",170,06-08-2024,Unverified,Low
750,UAE,Online Job Fraud,E-commerce,Phone Call," $73,471.78 ",49,03-06-2023,Unverified,Medium
751,USA,Identity Theft,IT Services,Social Media," $14,761.86 ",68,19-02-2023,Unverified,Low
752,UAE,Business Email Compromise,EdTech,Email," $65,830.59 ",100,01-03-2023,Unverified,Medium
753,Germany,Identity Theft,FinTech,Malicious Website," $55,649.46 ",345,26-05-2023,Verified,Medium
754,Canada,Online Job Fraud,Government IT,SMS," $72,762.10 ",458,14-03-2024,Under Investigation,Medium
755,UAE,Phishing,E-commerce,Social Media," $44,168.01 ",175,14-07-2024,Under Investigation,Low
756,UAE,Online Job Fraud,IT Services,Malicious Website," $66,756.07 ",226,03-11-2024,Verified,Medium
757,UAE,Online Job Fraud,FinTech,SMS," $12,214.52 ",465,23-10-2024,Unverified,Low
758,Australia,Investment Scam,Healthcare IT,Phone Call," $1,196.12 ",143,23-02-2024,Unverified,Low
759,Germany,Ransomware,EdTech,SMS," $46,709.25 ",160,06-06-2024,Verified,Low
760,UAE,Ransomware,IT Services,Phone Call," $13,194.83 ",78,18-03-2023,Under Investigation,Low
761,Australia,Business Email Compromise,EdTech,Phone Call," $45,128.80 ",254,08-02-2025,Verified,Low
762,UK,Investment Scam,Healthcare IT,Social Media," $16,047.48 ",263,19-08-2024,Unverified,Low
763,UK,Online Job Fraud,EdTech,Email," $56,326.09 ",42,09-01-2024,Verified,Medium
764,UAE,Online Job Fraud,E-commerce,Email," $29,510.66 ",425,22-01-2025,Under Investigation,Low
765,UAE,Investment Scam,FinTech,SMS, $797.38 ,280,30-11-2024,Verified,Low
766,India,Investment Scam,Healthcare IT,SMS," $85,382.05 ",68,06-08-2023,Unverified,Medium
767,Germany,Tech Support Scam,FinTech,Phone Call," $20,566.15 ",288,16-06-2023,Unverified,Low
768,UK,Investment Scam,E-commerce,Malicious Website," $74,057.23 ",36,13-01-2025,Under Investigation,Medium
769,USA,Investment Scam,IT Services,Malicious Website," $51,822.71 ",164,17-06-2025,Unverified,Medium
770,Canada,Business Email Compromise,Government IT,Social Media," $25,640.37 ",353,09-06-2025,Under Investigation,Low
771,Germany,Business Email Compromise,EdTech,Email," $21,046.24 ",487,08-12-2024,Unverified,Low
772,USA,Investment Scam,E-commerce,Social Media," $29,206.56 ",316,03-10-2024,Verified,Low
773,UAE,Identity Theft,E-commerce,SMS," $55,372.96 ",428,22-06-2024,Under Investigation,Medium
774,UAE,Ransomware,E-commerce,Social Media," $51,105.93 ",264,18-08-2023,Under Investigation,Medium
775,UAE,Business Email Compromise,Healthcare IT,Phone Call," $44,924.01 ",67,22-03-2025,Unverified,Low
776,India,Identity Theft,E-commerce,Social Media," $19,602.80 ",259,08-12-2023,Unverified,Low
777,UAE,Phishing,IT Services,Email," $55,355.46 ",215,21-06-2023,Unverified,Medium
778,UAE,Online Job Fraud,E-commerce,Email," $54,211.69 ",209,13-03-2025,Verified,Medium
779,UAE,Ransomware,E-commerce,Malicious Website," $65,587.28 ",286,26-04-2023,Verified,Medium
780,Germany,Ransomware,Government IT,SMS," $3,101.34 ",300,17-03-2024,Unverified,Low
781,UK,Ransomware,Healthcare IT,Email," $1,58,060.17 ",333,21-04-2024,Unverified,High
782,UK,Business Email Compromise,IT Services,Social Media," $58,559.94 ",311,27-07-2023,Unverified,Medium
783,Canada,Ransomware,IT Services,Malicious Website," $26,337.41 ",158,24-09-2024,Unverified,Low
784,UK,Investment Scam,Government IT,SMS," $86,244.25 ",12,18-10-2024,Under Investigation,Medium
785,Canada,Phishing,Government IT,Email," $17,894.72 ",136,29-05-2024,Verified,Low
786,India,Tech Support Scam,IT Services,SMS," $1,30,986.73 ",237,06-10-2023,Unverified,High
787,India,Identity Theft,Government IT,Malicious Website," $25,484.31 ",104,21-09-2024,Verified,Low
788,USA,Investment Scam,Healthcare IT,Email," $2,44,532.75 ",360,05-09-2023,Under Investigation,High
789,Canada,Ransomware,E-commerce,Email," $38,821.78 ",121,13-10-2023,Verified,Low
790,Germany,Phishing,Government IT,Email," $36,798.35 ",454,10-02-2024,Verified,Low
791,UK,Business Email Compromise,Healthcare IT,SMS," $4,667.45 ",231,10-03-2025,Under Investigation,Low
792,UAE,Online Job Fraud,FinTech,SMS," $6,831.87 ",272,04-04-2024,Verified,Low
793,Australia,Identity Theft,IT Services,Phone Call," $76,169.45 ",226,23-05-2024,Unverified,Medium
794,India,Tech Support Scam,Healthcare IT,SMS," $1,841.52 ",481,24-10-2024,Unverified,Low
795,Canada,Ransomware,E-commerce,Phone Call," $15,266.01 ",66,27-12-2023,Unverified,Low
796,Germany,Online Job Fraud,FinTech,Email," $4,586.18 ",475,30-01-2025,Verified,Low
797,India,Online Job Fraud,IT Services,Phone Call," $40,349.65 ",331,14-04-2025,Unverified,Low
798,Germany,Business Email Compromise,E-commerce,Social Media," $25,290.37 ",407,27-10-2024,Verified,Low
799,India,Business Email Compromise,Government IT,Email," $45,888.88 ",311,19-09-2023,Verified,Low
800,Australia,Identity Theft,EdTech,Phone Call," $1,25,907.85 ",427,23-05-2023,Under Investigation,High
801,UAE,Investment Scam,IT Services,Social Media," $2,42,413.16 ",101,01-09-2023,Verified,High
802,Australia,Identity Theft,EdTech,SMS," $11,691.93 ",239,14-07-2024,Unverified,Low
803,Germany,Business Email Compromise,Government IT,Email," $6,185.64 ",82,04-03-2024,Verified,Low
804,Germany,Tech Support Scam,IT Services,SMS," $23,952.08 ",216,31-10-2024,Under Investigation,Low
805,Canada,Identity Theft,IT Services,Phone Call," $63,902.87 ",67,27-04-2025,Verified,Medium
806,UK,Business Email Compromise,FinTech,Malicious Website," $11,911.75 ",14,14-03-2023,Unverified,Low
807,Germany,Business Email Compromise,EdTech,SMS," $19,469.35 ",163,31-07-2024,Under Investigation,Low
808,UAE,Phishing,IT Services,Phone Call," $8,349.45 ",419,10-04-2024,Verified,Low
809,USA,Business Email Compromise,FinTech,Email," $1,57,704.63 ",466,06-02-2025,Verified,High
810,UAE,Tech Support Scam,EdTech,Social Media," $1,34,952.60 ",450,03-03-2025,Unverified,High
811,Canada,Identity Theft,E-commerce,Malicious Website," $32,634.29 ",289,13-06-2023,Unverified,Low
812,Germany,Phishing,Government IT,Phone Call," $46,617.31 ",321,20-04-2023,Unverified,Low
813,Australia,Ransomware,Healthcare IT,Email," $1,14,267.54 ",238,16-01-2024,Under Investigation,High
814,USA,Identity Theft,FinTech,SMS," $19,101.94 ",483,25-01-2023,Unverified,Low
815,UK,Tech Support Scam,EdTech,Email," $54,876.68 ",482,27-01-2024,Under Investigation,Medium
816,Canada,Tech Support Scam,Government IT,SMS," $32,526.81 ",452,20-06-2024,Verified,Low
817,India,Phishing,E-commerce,Email," $13,234.19 ",173,12-01-2023,Under Investigation,Low
818,Australia,Identity Theft,IT Services,Social Media," $1,68,808.89 ",96,02-04-2023,Unverified,High
819,Canada,Investment Scam,Government IT,SMS," $18,684.96 ",334,15-06-2024,Verified,Low
820,USA,Investment Scam,FinTech,Email," $28,947.34 ",316,22-03-2024,Verified,Low
821,Germany,Business Email Compromise,EdTech,Phone Call," $51,197.46 ",349,12-02-2023,Unverified,Medium
822,UK,Ransomware,Healthcare IT,SMS," $48,325.01 ",60,24-10-2024,Unverified,Low
823,UAE,Online Job Fraud,Healthcare IT,Email," $8,245.20 ",499,31-05-2024,Verified,Low
824,UK,Online Job Fraud,E-commerce,Social Media," $75,879.77 ",266,11-12-2023,Unverified,Medium
825,USA,Business Email Compromise,Government IT,Phone Call," $2,996.20 ",267,20-11-2024,Unverified,Low
826,USA,Tech Support Scam,E-commerce,Phone Call," $2,975.85 ",56,07-04-2024,Under Investigation,Low
827,USA,Tech Support Scam,EdTech,SMS," $2,05,764.90 ",83,09-04-2023,Under Investigation,High
828,India,Business Email Compromise,IT Services,Phone Call," $3,878.07 ",156,09-07-2023,Unverified,Low
829,Canada,Phishing,FinTech,Phone Call," $15,420.60 ",263,21-03-2023,Verified,Low
830,USA,Online Job Fraud,IT Services,SMS," $58,820.81 ",97,17-09-2023,Verified,Medium
831,Germany,Business Email Compromise,E-commerce,SMS," $50,145.51 ",40,23-02-2025,Verified,Medium
832,UAE,Phishing,EdTech,Malicious Website," $13,240.32 ",380,30-03-2025,Verified,Low
833,UK,Ransomware,E-commerce,Social Media," $9,543.05 ",420,04-05-2023,Under Investigation,Low
834,UAE,Phishing,EdTech,Social Media," $94,198.96 ",178,04-03-2023,Verified,Medium
835,Australia,Investment Scam,IT Services,SMS," $78,533.37 ",191,27-07-2024,Verified,Medium
836,UAE,Identity Theft,IT Services,Malicious Website," $53,076.78 ",483,02-06-2024,Verified,Medium
837,Germany,Online Job Fraud,Healthcare IT,Social Media," $37,275.17 ",470,09-06-2024,Under Investigation,Low
838,USA,Identity Theft,E-commerce,Email," $9,733.10 ",86,06-10-2024,Under Investigation,Low
839,India,Business Email Compromise,EdTech,Social Media, $554.63 ,386,27-07-2024,Unverified,Low
840,Australia,Ransomware,E-commerce,Social Media," $32,825.74 ",246,11-01-2025,Unverified,Low
841,Germany,Online Job Fraud,FinTech,Phone Call," $15,042.64 ",138,15-04-2024,Verified,Low
842,India,Phishing,E-commerce,Email," $7,373.39 ",423,06-03-2023,Verified,Low
843,Australia,Business Email Compromise,Government IT,Email," $19,541.17 ",474,30-08-2023,Under Investigation,Low
844,USA,Online Job Fraud,Government IT,Malicious Website," $49,617.95 ",181,04-12-2023,Unverified,Low
845,Canada,Business Email Compromise,IT Services,SMS," $3,339.94 ",160,13-06-2023,Unverified,Low
846,India,Tech Support Scam,E-commerce,Email," $23,213.69 ",497,30-11-2024,Verified,Low
847,Canada,Business Email Compromise,IT Services,Email," $51,935.65 ",405,04-11-2023,Verified,Medium
848,UAE,Identity Theft,E-commerce,Social Media," $15,463.63 ",117,04-03-2025,Under Investigation,Low
849,Canada,Phishing,EdTech,Email," $6,802.43 ",34,17-07-2024,Unverified,Low
850,India,Investment Scam,E-commerce,Email," $13,951.18 ",82,13-01-2025,Unverified,Low
851,Australia,Phishing,E-commerce,SMS," $83,217.39 ",221,11-03-2024,Verified,Medium
852,UK,Business Email Compromise,Healthcare IT,Malicious Website," $98,150.61 ",42,21-01-2023,Unverified,Medium
853,UAE,Investment Scam,Healthcare IT,Social Media," $1,56,431.41 ",113,15-04-2023,Under Investigation,High
854,UK,Ransomware,IT Services,SMS," $5,387.59 ",120,28-01-2024,Verified,Low
855,UAE,Online Job Fraud,EdTech,Email," $1,43,087.30 ",130,25-07-2024,Verified,High
856,USA,Ransomware,E-commerce,Malicious Website," $3,974.72 ",97,10-01-2023,Under Investigation,Low
857,Germany,Phishing,EdTech,Social Media," $1,33,191.30 ",444,20-08-2023,Verified,High
858,Germany,Business Email Compromise,E-commerce,Social Media," $30,946.30 ",203,28-01-2025,Verified,Low
859,USA,Ransomware,Government IT,Social Media," $53,845.56 ",443,26-12-2024,Unverified,Medium
860,Canada,Identity Theft,IT Services,SMS," $50,622.14 ",79,04-05-2025,Under Investigation,Medium
861,India,Phishing,Government IT,SMS," $36,532.90 ",467,03-08-2024,Under Investigation,Low
862,Germany,Identity Theft,IT Services,Social Media," $66,862.60 ",449,28-03-2023,Under Investigation,Medium
863,UAE,Ransomware,IT Services,Malicious Website," $57,007.32 ",333,19-07-2023,Under Investigation,Medium
864,Australia,Investment Scam,EdTech,SMS," $4,430.20 ",43,20-01-2024,Verified,Low
865,Germany,Phishing,FinTech,Email," $3,740.72 ",408,27-04-2024,Verified,Low
866,USA,Online Job Fraud,FinTech,SMS, $609.12 ,133,28-05-2023,Verified,Low
867,UAE,Tech Support Scam,Healthcare IT,Email," $66,876.80 ",314,01-01-2024,Unverified,Medium
868,Australia,Business Email Compromise,IT Services,Email," $2,38,907.23 ",436,03-02-2024,Verified,High
869,India,Investment Scam,E-commerce,SMS," $1,42,638.24 ",499,23-06-2024,Verified,High
870,UAE,Online Job Fraud,Healthcare IT,Email," $21,912.95 ",442,18-09-2023,Verified,Low
871,Germany,Phishing,FinTech,Phone Call," $39,882.74 ",352,03-06-2024,Under Investigation,Low
872,UAE,Investment Scam,E-commerce,Malicious Website," $15,397.40 ",38,14-09-2024,Verified,Low
873,Germany,Investment Scam,E-commerce,SMS," $4,287.25 ",220,03-12-2023,Under Investigation,Low
874,India,Ransomware,Healthcare IT,Social Media," $17,509.43 ",256,26-12-2023,Under Investigation,Low
875,India,Phishing,EdTech,Phone Call," $48,996.63 ",450,07-04-2024,Unverified,Low
876,India,Investment Scam,Healthcare IT,Malicious Website," $11,513.90 ",49,14-03-2025,Under Investigation,Low
877,Australia,Tech Support Scam,IT Services,Email," $47,727.28 ",78,08-09-2024,Under Investigation,Low
878,Germany,Ransomware,E-commerce,SMS," $51,627.78 ",378,29-04-2023,Unverified,Medium
879,UAE,Identity Theft,FinTech,Phone Call," $2,142.83 ",370,16-02-2025,Verified,Low
880,Germany,Online Job Fraud,Government IT,Social Media," $80,151.47 ",140,08-05-2025,Under Investigation,Medium
881,Australia,Online Job Fraud,E-commerce,Social Media," $1,95,527.03 ",374,19-02-2025,Unverified,High
882,Australia,Business Email Compromise,E-commerce,Social Media," $43,664.28 ",351,15-10-2023,Verified,Low
883,USA,Business Email Compromise,EdTech,SMS," $47,920.75 ",226,06-06-2024,Verified,Low
884,UAE,Online Job Fraud,Healthcare IT,Email," $2,236.04 ",273,06-02-2024,Under Investigation,Low
885,Australia,Business Email Compromise,EdTech,SMS," $12,719.82 ",153,02-05-2024,Verified,Low
886,USA,Ransomware,Government IT,SMS," $28,288.46 ",124,17-09-2024,Under Investigation,Low
887,Australia,Online Job Fraud,Government IT,Email," $1,43,301.77 ",414,25-12-2024,Verified,High
888,Australia,Online Job Fraud,E-commerce,Social Media," $56,347.85 ",435,16-11-2024,Verified,Medium
889,India,Ransomware,EdTech,Social Media, $639.82 ,405,02-05-2023,Unverified,Low
890,Canada,Business Email Compromise,EdTech,Email," $84,626.56 ",119,08-02-2023,Unverified,Medium
891,Canada,Business Email Compromise,EdTech,Phone Call," $93,707.41 ",233,13-06-2024,Verified,Medium
892,Australia,Ransomware,E-commerce,Phone Call," $50,539.79 ",149,29-09-2024,Under Investigation,Medium
893,India,Tech Support Scam,IT Services,Email," $92,257.55 ",360,26-08-2023,Verified,Medium
894,India,Identity Theft,FinTech,Email," $74,905.44 ",236,05-01-2025,Unverified,Medium
895,Germany,Phishing,Healthcare IT,Phone Call," $9,766.01 ",86,23-10-2024,Verified,Low
896,UAE,Ransomware,Healthcare IT,SMS," $2,08,896.33 ",22,09-05-2025,Under Investigation,High
897,USA,Phishing,FinTech,Phone Call," $2,206.67 ",466,08-02-2025,Unverified,Low
898,India,Online Job Fraud,IT Services,Phone Call," $7,062.56 ",463,11-03-2024,Under Investigation,Low
899,USA,Business Email Compromise,Government IT,Malicious Website," $85,128.49 ",95,07-04-2024,Unverified,Medium
900,USA,Business Email Compromise,Healthcare IT,Social Media," $35,246.08 ",88,13-02-2023,Verified,Low
901,India,Investment Scam,E-commerce,Malicious Website," $65,988.18 ",171,25-02-2024,Unverified,Medium
902,UK,Ransomware,Government IT,Phone Call," $44,622.33 ",184,29-05-2024,Unverified,Low
903,Australia,Online Job Fraud,Healthcare IT,SMS," $17,658.94 ",19,23-01-2023,Unverified,Low
904,Australia,Online Job Fraud,FinTech,Malicious Website," $58,379.68 ",295,18-04-2023,Under Investigation,Medium
905,Canada,Investment Scam,Healthcare IT,SMS," $50,570.11 ",128,17-08-2023,Verified,Medium
906,Canada,Phishing,Government IT,Phone Call," $8,721.93 ",362,05-07-2023,Under Investigation,Low
907,UAE,Online Job Fraud,EdTech,Email, $468.77 ,129,25-05-2025,Verified,Low
908,Australia,Business Email Compromise,EdTech,SMS," $64,815.68 ",449,18-06-2025,Unverified,Medium
909,Australia,Phishing,E-commerce,SMS," $5,222.39 ",224,11-04-2025,Under Investigation,Low
910,Canada,Phishing,FinTech,Social Media," $80,489.64 ",491,17-04-2024,Under Investigation,Medium
911,India,Investment Scam,IT Services,Social Media," $40,493.60 ",384,29-10-2023,Under Investigation,Low
912,USA,Business Email Compromise,FinTech,SMS," $47,853.74 ",411,07-03-2023,Unverified,Low
913,USA,Business Email Compromise,Healthcare IT,Email," $21,955.07 ",13,28-01-2024,Unverified,Low
914,USA,Phishing,E-commerce,Malicious Website," $40,397.22 ",86,22-08-2023,Unverified,Low
915,Germany,Ransomware,E-commerce,Malicious Website," $71,562.65 ",54,12-01-2023,Under Investigation,Medium
916,UK,Identity Theft,E-commerce,Email," $68,468.67 ",14,24-09-2024,Under Investigation,Medium
917,UAE,Online Job Fraud,EdTech,SMS," $1,58,591.84 ",377,20-01-2023,Verified,High
918,Germany,Phishing,IT Services,Social Media," $19,795.42 ",243,04-01-2025,Verified,Low
919,UK,Business Email Compromise,IT Services,Email," $18,235.66 ",312,30-07-2023,Under Investigation,Low
920,India,Tech Support Scam,FinTech,Email," $2,80,437.31 ",132,14-09-2024,Unverified,High
921,USA,Business Email Compromise,EdTech,Phone Call," $29,765.70 ",20,19-06-2024,Under Investigation,Low
922,Canada,Phishing,E-commerce,SMS," $12,244.48 ",154,15-03-2025,Unverified,Low
923,Germany,Ransomware,IT Services,Email," $54,389.85 ",310,20-05-2025,Under Investigation,Medium
924,India,Ransomware,E-commerce,Phone Call, $161.17 ,38,10-02-2025,Unverified,Low
925,Canada,Identity Theft,Healthcare IT,Social Media," $10,003.06 ",429,20-01-2023,Under Investigation,Low
926,India,Phishing,IT Services,Malicious Website," $25,735.59 ",71,30-05-2024,Unverified,Low
927,Australia,Online Job Fraud,E-commerce,SMS," $35,678.69 ",3,28-12-2024,Verified,Low
928,UK,Phishing,E-commerce,Email," $5,498.41 ",186,24-02-2023,Under Investigation,Low
929,UAE,Investment Scam,Government IT,Phone Call," $60,691.64 ",376,04-02-2025,Under Investigation,Medium
930,India,Phishing,IT Services,SMS," $33,334.77 ",158,16-08-2024,Verified,Low
931,Canada,Business Email Compromise,IT Services,Malicious Website," $46,083.46 ",188,01-03-2023,Verified,Low
932,UK,Online Job Fraud,E-commerce,Malicious Website," $19,438.37 ",319,27-05-2025,Under Investigation,Low
933,Canada,Business Email Compromise,IT Services,Phone Call," $8,067.14 ",152,19-04-2023,Under Investigation,Low
934,India,Business Email Compromise,E-commerce,Social Media," $68,506.33 ",314,27-04-2023,Verified,Medium
935,Germany,Phishing,Healthcare IT,Malicious Website," $77,703.70 ",192,19-01-2023,Under Investigation,Medium
936,UK,Ransomware,Healthcare IT,Phone Call," $29,008.70 ",228,16-12-2023,Verified,Low
937,India,Online Job Fraud,Government IT,Email," $19,889.19 ",183,25-04-2024,Verified,Low
938,Canada,Business Email Compromise,EdTech,Malicious Website," $4,638.69 ",116,23-04-2023,Unverified,Low
939,India,Identity Theft,IT Services,Malicious Website," $45,593.19 ",251,30-10-2023,Unverified,Low
940,Germany,Identity Theft,Government IT,Malicious Website," $3,20,273.64 ",118,23-03-2025,Unverified,High
941,India,Tech Support Scam,Healthcare IT,Email," $9,526.56 ",198,17-09-2023,Under Investigation,Low
942,UAE,Investment Scam,IT Services,Phone Call," $34,275.46 ",47,03-02-2024,Unverified,Low
943,Australia,Online Job Fraud,EdTech,Phone Call," $26,373.58 ",78,04-05-2023,Verified,Low
944,USA,Online Job Fraud,E-commerce,SMS," $24,211.86 ",137,24-08-2024,Verified,Low
945,India,Online Job Fraud,FinTech,SMS," $44,308.61 ",61,18-05-2023,Verified,Low
946,Germany,Phishing,Government IT,Malicious Website," $20,361.68 ",461,10-09-2024,Verified,Low
947,UAE,Investment Scam,FinTech,Phone Call," $1,224.46 ",254,21-09-2024,Under Investigation,Low
948,UK,Investment Scam,IT Services,Email," $15,946.31 ",337,26-05-2025,Under Investigation,Low
949,Australia,Tech Support Scam,EdTech,Social Media," $76,296.66 ",403,01-03-2024,Under Investigation,Medium
950,Australia,Tech Support Scam,IT Services,Phone Call," $95,773.71 ",410,03-08-2024,Unverified,Medium
951,Australia,Online Job Fraud,E-commerce,Email," $92,236.99 ",421,18-02-2023,Under Investigation,Medium
952,India,Ransomware,EdTech,Phone Call," $28,562.44 ",192,18-09-2023,Unverified,Low
953,UAE,Phishing,IT Services,Phone Call," $61,212.01 ",90,17-09-2023,Verified,Medium
954,UAE,Business Email Compromise,EdTech,Social Media," $2,556.35 ",295,02-10-2024,Under Investigation,Low
955,UK,Tech Support Scam,Government IT,Malicious Website," $75,754.83 ",100,17-04-2025,Unverified,Medium
956,Australia,Tech Support Scam,IT Services,SMS," $2,949.31 ",174,07-04-2025,Under Investigation,Low
957,Germany,Ransomware,EdTech,Phone Call," $7,040.72 ",57,26-06-2024,Unverified,Low
958,Canada,Tech Support Scam,IT Services,Malicious Website," $1,27,953.32 ",473,01-07-2024,Under Investigation,High
959,Canada,Ransomware,IT Services,Malicious Website, $674.66 ,408,25-05-2025,Under Investigation,Low
960,UK,Phishing,Healthcare IT,Social Media," $2,280.99 ",342,08-08-2023,Under Investigation,Low
961,UK,Online Job Fraud,E-commerce,Email," $16,128.85 ",439,08-08-2023,Verified,Low
962,India,Business Email Compromise,Government IT,Malicious Website," $77,352.88 ",394,27-04-2025,Under Investigation,Medium
963,UK,Investment Scam,E-commerce,Phone Call," $23,197.67 ",479,09-09-2024,Unverified,Low
964,USA,Ransomware,E-commerce,SMS," $93,148.63 ",70,09-07-2024,Under Investigation,Medium
965,Canada,Tech Support Scam,EdTech,Social Media," $8,502.76 ",228,26-11-2024,Verified,Low
966,Australia,Online Job Fraud,FinTech,Email," $2,380.82 ",338,07-09-2023,Under Investigation,Low
967,Canada,Identity Theft,E-commerce,SMS," $41,276.00 ",21,15-07-2023,Unverified,Low
968,Australia,Phishing,FinTech,SMS," $18,930.66 ",475,02-06-2024,Verified,Low
969,UAE,Phishing,FinTech,Email," $4,519.47 ",399,02-11-2024,Under Investigation,Low
970,USA,Business Email Compromise,Government IT,SMS," $54,500.92 ",148,16-04-2024,Under Investigation,Medium
971,UK,Online Job Fraud,E-commerce,Phone Call," $41,068.14 ",199,01-03-2024,Under Investigation,Low
972,Canada,Phishing,Government IT,Email," $87,974.79 ",376,14-06-2025,Verified,Medium
973,UK,Tech Support Scam,EdTech,Malicious Website," $48,964.91 ",165,10-11-2023,Verified,Low
974,UAE,Tech Support Scam,EdTech,Phone Call," $1,94,490.67 ",69,11-05-2023,Under Investigation,High
975,UK,Ransomware,Healthcare IT,Email," $64,577.53 ",421,01-11-2023,Under Investigation,Medium
976,USA,Tech Support Scam,IT Services,SMS," $31,174.76 ",345,02-05-2025,Unverified,Low
977,UAE,Ransomware,FinTech,SMS," $46,891.97 ",445,29-02-2024,Unverified,Low
978,India,Business Email Compromise,Government IT,Malicious Website," $1,114.08 ",117,08-12-2024,Unverified,Low
979,USA,Online Job Fraud,Government IT,Email," $27,063.38 ",327,20-08-2024,Under Investigation,Low
980,India,Investment Scam,FinTech,Phone Call," $41,188.17 ",81,25-10-2024,Verified,Low
981,India,Business Email Compromise,EdTech,Social Media," $6,095.33 ",354,28-01-2023,Unverified,Low
982,Canada,Investment Scam,Healthcare IT,Malicious Website," $64,153.38 ",169,27-02-2024,Under Investigation,Medium
983,UAE,Business Email Compromise,E-commerce,Social Media," $61,521.85 ",17,01-09-2024,Verified,Medium
984,Germany,Business Email Compromise,Government IT,Phone Call," $4,262.94 ",198,01-09-2024,Unverified,Low
985,Germany,Identity Theft,IT Services,Email," $33,149.94 ",341,31-05-2024,Unverified,Low
986,Canada,Online Job Fraud,Healthcare IT,Phone Call," $1,45,659.85 ",112,26-02-2023,Unverified,High
987,Australia,Identity Theft,Healthcare IT,Social Media," $55,285.22 ",98,24-05-2023,Unverified,Medium
988,USA,Tech Support Scam,IT Services,Social Media," $26,531.48 ",125,09-11-2024,Under Investigation,Low
989,Canada,Business Email Compromise,Healthcare IT,Social Media," $39,420.37 ",344,21-10-2023,Unverified,Low
990,Canada,Investment Scam,Healthcare IT,SMS," $82,098.99 ",138,02-09-2024,Verified,Medium
991,Australia,Online Job Fraud,FinTech,Email," $2,667.75 ",319,14-07-2024,Unverified,Low
992,Germany,Investment Scam,Healthcare IT,SMS," $11,242.49 ",391,04-10-2023,Unverified,Low
993,USA,Investment Scam,E-commerce,Social Media," $8,998.60 ",383,09-03-2023,Under Investigation,Low
994,Germany,Tech Support Scam,E-commerce,Email," $70,683.59 ",214,16-10-2024,Unverified,Medium
995,Canada,Identity Theft,FinTech,Social Media," $11,463.19 ",213,20-03-2023,Unverified,Low
996,Canada,Ransomware,Government IT,Phone Call," $1,05,839.25 ",92,20-02-2025,Unverified,High
997,UAE,Tech Support Scam,Government IT,Social Media," $13,642.71 ",489,10-11-2024,Unverified,Low
998,UK,Online Job Fraud,FinTech,Phone Call," $2,09,950.79 ",26,30-05-2025,Verified,High
999,UK,Phishing,E-commerce,SMS," $1,377.16 ",409,29-01-2025,Unverified,Low
1000,UK,Investment Scam,EdTech,SMS," $31,174.65 ",456,13-02-2023,Unverified,Low
